step,ppo_actor/update/new_logp/avg,ppo_actor/no_eos_ratios/avg,ppo_actor/update/compute_logp/kl_div_direct/avg,timeperf/train_step,ppo_actor/update/old_logp/avg,ppo_actor/prompt_len/avg,ppo_actor/update/compute_logp/kl_div_dual/avg,ppo_actor/update/compute_logp/kl_div_taylor/avg,ppo_actor/advantages/avg,ppo_actor/seq_len/avg,ppo_actor/task_reward/avg,ppo_actor/update/compute_logp/prox_logp_gt/avg,ppo_actor/correct_seq_len/avg,ppo_actor/update/actor_loss/avg,ppo_actor/update/dual_clip_ratio/avg,ppo_actor/final_reward/avg,ppo_actor/update/approx_kl/avg,ppo_actor/update/entropy/avg,ppo_actor/update/vocab_max_logits/avg,ppo_actor/incorrect_seq_len/avg,ppo_actor/update/behave_approx_kl/avg,ppo_actor/update/vocab_min_logits/avg,ppo_actor/update/importance_weight/avg,ppo_actor/kl_rewards/avg,ppo_actor/update/behave_imp_weight/avg,ppo_actor/update/clip_ratio/avg,rollout/reward,eval-rollout/reward
1,-0.074288,0.125,0.0011554,4.7739,-0.073133,214.44,0.0011906,0.0012538,-1.4269e-08,1211.2,0.23438,-0.074288,1075.5,0.00016755,0.0,2.803e-12,0.0,0.084114,43.995,1252.8,-0.0011554,-24.307,1.0,0.0,1.0,0.0,0.30469,0.016667
2,-0.075449,0.125,0.0014945,3.2573,-0.073954,191.0,0.001265,0.0013025,-3.0386e-09,1210.8,0.42969,-0.075449,1186.9,-3.4319e-05,0.0,-9.1321e-12,0.0,0.083793,44.42,1228.8,-0.0014945,-24.662,1.0,0.0,0.99977,0.0,0.4375,
3,-0.071268,0.125,0.0012592,3.0798,-0.070008,186.25,0.0011321,0.0011825,1.2224e-10,1161.5,0.25,-0.071268,1015.1,-5.3919e-05,0.0,4.7749e-13,0.0,0.080335,44.31,1210.3,-0.0012592,-24.694,1.0,0.0,0.99987,0.0,,
4,-0.078081,0.125,0.001305,3.1479,-0.076777,178.56,0.0013021,0.0013493,7.9429e-09,1169.1,0.4375,-0.078081,1095.1,0.00025984,0.0,9.4021e-13,0.0,0.087512,44.012,1226.7,-0.001305,-24.84,1.0,0.0,1.0,0.0,0.41667,
5,-0.069561,0.125,0.00098514,3.238,-0.068576,201.06,0.0010522,0.0010736,-5.828e-09,1225.1,0.39844,-0.069561,1197.3,-0.00024145,0.0,-1.3642e-12,0.0,0.079288,44.588,1243.5,-0.00098514,-24.524,1.0,0.0,1.0001,0.0,0.31783,
6,-0.092204,0.125,0.0014811,3.2328,-0.090723,213.19,0.0013509,0.0013802,-3.2421e-08,1222.5,0.3125,-0.092204,1156.7,3.875e-05,0.0,1.8454e-12,0.0,0.10412,43.104,1252.4,-0.0014811,-24.376,1.0,0.0,0.99987,0.0,0.38346,
7,-0.065543,0.125,0.0012573,3.1644,-0.064286,182.38,0.00112,0.0011366,1.7028e-08,1197.5,0.35938,-0.065543,1168.0,0.00019615,0.0,1.8349e-12,0.0,0.073691,44.705,1214.0,-0.0012573,-24.696,1.0,0.0,0.99986,0.0,0.36842,
8,-0.083793,0.125,0.0013278,3.2658,-0.082465,236.38,0.0013379,0.0013663,-1.3704e-08,1221.5,0.35938,-0.083793,1100.8,-1.1938e-05,0.0,-2.8361e-12,0.0,0.094557,43.541,1289.3,-0.0013278,-24.131,1.0,0.0,1.0,0.0,0.11864,
9,-0.083603,0.125,0.0015246,3.2117,-0.082078,237.62,0.0013625,0.001411,-4.8395e-10,1222.9,0.17188,-0.083603,1044.0,0.00019145,0.0,-1.8904e-12,0.0,0.094009,43.288,1260.1,-0.0015246,-24.231,1.0,0.0,0.99984,0.0,0.17483,
10,-0.082906,0.125,0.0013243,3.1694,-0.081582,182.06,0.0013424,0.0014145,-5.6299e-09,1193.5,0.11719,-0.082906,1072.2,-6.6832e-06,0.0,9.2083e-13,0.0,0.091555,44.417,1209.6,-0.0013243,-24.822,1.0,0.0,1.0,0.0,0.16514,
11,-0.081708,0.125,0.0011505,3.122,-0.080557,181.12,0.001332,0.0013551,3.4534e-09,1143.2,0.25,-0.081708,978.53,7.2214e-05,0.0,-8.7119e-12,0.0,0.091838,43.697,1198.1,-0.0011505,-24.833,1.0,0.0,1.0002,0.0,0.35461,
12,-0.067964,0.125,0.0012591,3.3111,-0.066705,206.81,0.0011403,0.0011722,7.8354e-09,1226.2,0.28906,-0.067964,1235.3,0.00018447,0.0,-2.2841e-12,0.0,0.077017,44.599,1222.5,-0.0012591,-25.126,1.0,0.0,0.99988,0.0,0.40984,
13,-0.076307,0.125,0.0013133,3.1721,-0.074994,212.38,0.001191,0.0012151,1.0326e-08,1199.4,0.4375,-0.076307,1109.2,-0.00011787,0.0,1.8871e-12,0.0,0.086601,43.979,1269.6,-0.0013133,-24.462,1.0,0.0,0.99988,0.0,0.24444,
14,-0.086582,0.125,0.001514,3.1897,-0.085068,192.75,0.0012863,0.0013174,5.33e-09,1185.2,0.24219,-0.086582,1070.2,0.00010863,0.0,-1.8768e-12,0.0,0.097242,43.875,1222.0,-0.001514,-24.427,1.0,0.0,0.99977,0.0,0.28148,
15,-0.073567,0.125,0.0012744,3.1635,-0.072293,184.44,0.001104,0.0011304,9.7426e-10,1171.0,0.21094,-0.073567,1056.8,-0.00028714,0.0,-4.7203e-13,0.0,0.083545,44.532,1201.5,-0.0012744,-24.593,1.0,0.0,0.99983,0.0,0.27731,
16,-0.078269,0.125,0.0013058,3.1094,-0.076963,191.19,0.0011919,0.0012192,5.408e-09,1161.1,0.36719,-0.078269,1040.5,-0.00010108,0.0,0.0,0.0,0.088913,43.872,1231.1,-0.0013058,-24.624,1.0,0.0,0.99989,0.0,0.16949,
17,-0.082138,0.125,0.0015132,3.2058,-0.080624,240.19,0.0012581,0.0013057,-6.7946e-09,1222.7,0.1875,-0.082138,1117.0,0.00013711,0.0,0.0,0.0,0.09269,43.82,1247.1,-0.0015132,-24.35,1.0,0.0,0.99974,0.0,0.41727,
18,-0.068787,0.125,0.0013462,3.1838,-0.067441,192.88,0.0012455,0.0012834,-9.999e-09,1198.8,0.41406,-0.068787,1148.3,0.00012411,0.0,9.2583e-13,0.0,0.077021,44.627,1234.5,-0.0013462,-24.359,1.0,0.0,0.9999,0.0,0.45902,
19,-0.071943,0.125,0.0012801,3.1057,-0.070663,173.56,0.0011453,0.0011681,-4.8289e-09,1161.0,0.4375,-0.071943,1123.2,1.3543e-05,0.0,2.8294e-12,0.0,0.081953,44.514,1190.4,-0.0012801,-25.141,1.0,0.0,0.99987,0.0,0.36765,
20,-0.085019,0.125,0.0019044,3.2347,-0.083114,222.62,0.0013086,0.0013698,6.6737e-09,1223.5,0.32812,-0.085019,1125.4,3.9796e-05,0.0,9.3049e-13,0.0,0.095567,43.519,1271.5,-0.0019044,-24.395,1.0,0.0,0.9994,0.0,0.25564,
21,-0.07743,0.125,0.001154,3.0849,-0.07629,172.06,0.0011934,0.001233,-1.5261e-08,1140.7,0.25781,-0.077421,964.58,0.00016078,0.0,-1.923e-12,0.0,0.086794,44.44,1201.9,-0.001154,-24.713,0.99999,0.0,1.0,0.0,0.25203,
22,-0.084346,0.125,0.0015116,3.0634,-0.082835,180.38,0.0013273,0.001352,-1.6464e-08,1136.1,0.25,-0.084346,979.41,9.4775e-05,0.0,-1.9489e-12,0.0,0.092562,43.89,1188.3,-0.0015116,-24.456,1.0,0.0,0.99982,0.0,0.35714,
23,-0.068416,0.125,0.0011601,3.1126,-0.067256,197.94,0.0010614,0.0010848,4.6374e-09,1167.4,0.4375,-0.068416,1100.9,6.9534e-05,0.0,-2.8818e-12,0.0,0.076087,44.122,1219.2,-0.0011601,-24.474,1.0,0.0,0.9999,0.0,0.19531,
24,-0.092629,0.125,0.0017887,3.303,-0.09084,228.56,0.0013751,0.0014225,1.4574e-09,1252.3,0.19531,-0.092629,1198.1,7.0664e-05,0.0,-2.2743e-12,0.0,0.10443,42.979,1265.4,-0.0017887,-23.976,1.0,0.0,0.99959,0.0,0.30075,
25,-0.086447,0.125,0.0014087,3.3483,-0.085038,239.5,0.0013073,0.0013449,2.5295e-08,1263.4,0.27344,-0.086447,1205.5,-6.1929e-05,0.0,0.0,0.0,0.097011,43.735,1285.2,-0.0014087,-24.468,1.0,0.0,0.9999,0.0,0.4031,
26,-0.071934,0.125,0.0012486,3.7879,-0.070685,167.06,0.0011486,0.0011853,-3.37e-08,1178.7,0.39844,-0.071934,1161.1,0.00016516,0.0,7.3646e-12,0.0,0.080989,44.851,1190.4,-0.0012486,-24.796,1.0,0.0,0.9999,0.0,0.288,
27,-0.071722,0.125,0.0012328,3.8273,-0.070489,211.69,0.0011744,0.0012059,1.4531e-09,1225.0,0.27344,-0.071722,1150.3,-0.00012417,0.0,-8.2714e-12,0.0,0.080441,44.782,1253.2,-0.0012328,-24.598,1.0,0.0,0.99994,0.0,0.28906,
28,-0.076074,0.125,0.001147,3.0898,-0.074927,191.31,0.0012159,0.0012408,-7.2883e-09,1140.3,0.33594,-0.076074,964.02,1.1422e-05,0.0,-1.9627e-12,0.0,0.084153,43.95,1229.5,-0.001147,-24.725,1.0,0.0,1.0001,0.0,0.1875,
29,-0.072599,0.125,0.0014706,3.0817,-0.071128,188.25,0.0012393,0.001285,-7.8193e-09,1164.0,0.28906,-0.072599,1015.6,0.00013827,0.0,-1.909e-12,0.0,0.08169,44.654,1224.3,-0.0014706,-24.553,1.0,0.0,0.99977,0.0,1.0,
30,-0.077499,0.125,0.0012135,3.1911,-0.076286,205.62,0.0011577,0.0012035,-1.1505e-08,1194.8,0.1875,-0.077499,1193.8,2.8871e-05,0.0,-3.7662e-12,0.0,0.086767,43.931,1195.0,-0.0012135,-24.399,1.0,0.0,0.99994,0.0,0.31967,
31,-0.072013,0.125,0.001312,3.165,-0.070715,183.75,0.0011899,0.0012174,-5.5793e-09,1190.6,0.35156,-0.072004,1127.3,0.00022206,0.0,1.8499e-12,0.0,0.080666,44.538,1225.0,-0.001312,-24.519,0.99999,0.0,0.99988,0.0,0.31474,
32,-0.081112,0.125,0.0015328,3.2131,-0.079579,201.44,0.0012444,0.0012868,3.5133e-09,1219.4,0.27344,-0.081112,1163.7,-5.0817e-06,0.0,-2.2873e-12,0.0,0.091728,44.166,1240.3,-0.0015328,-24.395,1.0,0.0,0.99971,0.0,0.35714,
33,-0.072864,0.125,0.0013182,3.1604,-0.071546,175.75,0.0011725,0.0012157,2.3874e-09,1174.4,0.38281,-0.072864,1118.5,-0.00024868,0.0,-2.7977e-12,0.0,0.081338,44.534,1209.1,-0.0013182,-24.731,1.0,0.0,0.99985,0.0,0.26016,
34,-0.080618,0.125,0.0014699,3.1828,-0.079148,191.5,0.0012538,0.0012902,-6.4774e-09,1203.7,0.25,-0.080618,1165.2,0.00013223,0.0,3.6803e-12,0.0,0.090174,44.054,1216.6,-0.0014699,-24.706,1.0,0.0,0.99978,0.0,0.29932,
35,-0.080601,0.125,0.0012691,3.1704,-0.079332,198.0,0.0012473,0.0012663,2.5456e-08,1209.5,0.25,-0.080601,1199.8,0.00019429,0.0,3.6829e-12,0.0,0.091322,44.087,1212.8,-0.0012691,-24.521,1.0,0.0,0.99998,0.0,0.35514,
36,-0.082158,0.125,0.0016864,3.1504,-0.080472,184.0,0.0012392,0.0012773,-3.466e-09,1147.0,0.375,-0.082158,1077.1,4.8834e-05,0.0,5.8025e-12,0.0,0.090972,43.806,1189.0,-0.0016864,-24.396,1.0,0.0,0.99955,0.0,0.19008,
37,-0.087551,0.125,0.0015093,3.1384,-0.086042,170.5,0.001407,0.0017374,-1.0023e-09,1181.5,0.23438,-0.087551,1123.1,-9.1306e-05,0.0,2.7636e-12,0.0,0.098537,44.219,1199.3,-0.0015093,-24.542,1.0,0.0,0.9999,0.0,0.18182,
38,-0.086026,0.125,0.0013349,3.1688,-0.084691,180.0,0.0013597,0.0013864,9.9082e-09,1202.7,0.15625,-0.086026,1183.4,0.00015022,0.0,-2.732e-12,0.0,0.096519,44.192,1206.2,-0.0013349,-24.631,1.0,0.0,1.0,0.0,0.37681,
39,-0.076826,0.125,0.0012011,3.1832,-0.075625,188.5,0.0011683,0.001191,-6.1674e-09,1193.6,0.34375,-0.076826,1141.5,4.4146e-05,0.0,1.8532e-12,0.0,0.085586,44.139,1220.9,-0.0012011,-24.643,1.0,0.0,0.99997,0.0,0.38583,
40,-0.072414,0.125,0.0013019,3.1396,-0.071112,182.56,0.0011762,0.0012208,1.3791e-08,1172.3,0.39844,-0.072414,1122.3,5.7255e-05,0.0,4.7049e-13,0.0,0.080765,44.629,1205.4,-0.0013019,-24.759,1.0,0.0,0.99987,0.0,0.26271,
41,-0.077496,0.125,0.0012427,3.2116,-0.076253,208.19,0.0012723,0.0012841,-1.7409e-08,1180.5,0.29688,-0.077496,1042.3,2.6033e-05,0.0,1.4367e-12,0.0,0.088884,43.848,1238.9,-0.0012427,-24.228,1.0,0.0,1.0,0.0,0.26667,
42,-0.088141,0.125,0.001376,3.3464,-0.086765,271.75,0.0012773,0.0013028,7.2304e-09,1287.8,0.19531,-0.088141,1225.7,3.7142e-05,0.0,2.7499e-12,0.0,0.099297,42.999,1302.9,-0.001376,-24.035,1.0,0.0,0.9999,0.0,0.42308,
43,-0.074431,0.085938,0.0012246,3.0891,-0.073206,174.88,0.0011545,0.0011913,7.5834e-09,1133.8,0.47656,-0.074431,1071.3,-0.00014477,0.0,4.8562e-13,0.0,0.082701,44.247,1190.6,-0.0012246,-24.995,1.0,0.0,0.99993,0.0,0.35976,
44,-0.084597,0.125,0.0016192,3.2155,-0.082978,206.81,0.001289,0.0013175,-5.4257e-09,1228.5,0.20312,-0.084597,1162.9,-6.3341e-05,0.0,-1.8232e-12,0.0,0.094631,43.796,1245.2,-0.0016192,-24.865,1.0,0.0,0.99967,0.0,0.5493,
45,-0.072526,0.10938,0.0011082,3.0447,-0.071417,195.5,0.0011582,0.001188,-7.3009e-09,1109.9,0.60156,-0.072526,1051.6,0.00017856,0.0,3.0556e-12,0.0,0.081237,44.125,1197.8,-0.0011082,-24.352,1.0,0.0,1.0,0.0,0.32632,
46,-0.088225,0.125,0.00174,3.0832,-0.086485,168.81,0.0014712,0.0021329,1.1632e-08,1075.8,0.42969,-0.088225,940.51,-8.5006e-05,0.0,5.134e-13,0.0,0.099065,43.479,1177.8,-0.00174,-24.32,1.0,0.0,0.99973,0.0,0.5,
47,-0.083609,0.125,0.0015346,3.0923,-0.082075,194.81,0.0013026,0.0013468,-6.9652e-09,1153.3,0.39844,-0.083609,1061.7,-3.8901e-05,0.0,-3.8868e-12,0.0,0.094373,44.052,1213.9,-0.0015346,-24.185,1.0,0.0,0.99977,0.0,0.37383,
48,-0.084405,0.125,0.0012747,3.1686,-0.08313,185.12,0.0012448,0.0012785,5.2214e-09,1092.4,0.47656,-0.084405,942.95,-9.8194e-05,0.0,-1.0265e-12,0.0,0.093891,43.87,1228.5,-0.0012747,-24.417,1.0,0.0,0.99997,0.0,0.22388,
49,-0.083,0.125,0.0014333,3.1962,-0.081567,197.88,0.0013176,0.001429,1.1805e-08,1187.5,0.19531,-0.083,1015.3,1.8521e-05,0.0,2.3528e-12,0.0,0.093655,43.343,1229.2,-0.0014333,-24.426,1.0,0.0,0.99988,0.0,0.23276,
50,-0.070412,0.125,0.0013594,3.1005,-0.069053,200.25,0.0010736,0.0011219,1.0117e-08,1154.7,0.29688,-0.070412,976.68,-9.3244e-05,0.0,9.7581e-13,0.0,0.079606,43.785,1229.8,-0.0013594,-24.596,1.0,0.0,0.99971,0.0,0.22695,0.0
51,-0.068896,0.1875,0.0011578,3.1862,-0.067738,184.38,0.0011329,0.0011763,-1.7446e-09,1200.2,0.15625,-0.068896,1121.2,-4.3345e-05,0.0,0.0,0.0,0.07756,44.753,1214.9,-0.0011578,-24.936,1.0,0.0,0.99998,0.0,0.29231,
52,-0.082117,0.125,0.0013851,3.1943,-0.080732,189.75,0.0012458,0.0012914,2.944e-09,1161.6,0.28906,-0.082117,1006.8,-3.9672e-05,0.0,-2.875e-12,0.0,0.090955,43.729,1224.5,-0.0013851,-24.512,1.0,0.0,0.99986,0.0,0.31293,
53,-0.081593,0.125,0.0008256,3.0635,-0.080767,178.12,0.0013176,0.0013268,1.1968e-08,1134.4,0.25,-0.081593,913.09,-0.00011493,0.0,1.9478e-12,0.0,0.09034,44.158,1208.1,-0.0008256,-24.554,1.0,0.0,1.0005,0.0,0.5,
54,-0.077593,0.125,0.0015869,3.0646,-0.076006,180.5,0.0013234,0.0013984,1.6051e-08,1101.5,0.48438,-0.077593,1021.0,0.00018673,0.0,-6.0675e-12,0.0,0.087152,44.179,1177.0,-0.0015869,-24.266,1.0,0.0,0.99974,0.0,0.33929,
55,-0.076539,0.10156,0.0012213,3.0518,-0.075318,187.75,0.0012245,0.0012522,-2.8031e-09,1114.4,0.42188,-0.076539,978.13,0.00012328,0.0,-1.0051e-12,0.0,0.085472,44.039,1213.8,-0.0012213,-24.445,1.0,0.0,1.0,0.0,0.21186,
56,-0.068938,0.11719,0.0012275,3.2127,-0.067711,223.06,0.0012563,0.001295,-2.298e-08,1198.3,0.28125,-0.068938,1081.3,1.5419e-05,0.0,-3.3424e-12,0.0,0.077489,44.284,1244.1,-0.0012275,-24.768,1.0,0.0,1.0,0.0,0.31034,
57,-0.069648,0.125,0.0012745,3.3111,-0.068374,259.31,0.0013474,0.0014176,1.5701e-09,1277.1,0.21094,-0.069648,1211.1,-6.1826e-05,0.0,2.745e-12,0.0,0.0768,44.507,1294.8,-0.0012745,-24.214,1.0,0.0,1.0001,0.0,0.39655,
58,-0.069856,0.125,0.0011882,3.0584,-0.068668,206.88,0.0011625,0.0011745,2.2937e-08,1142.4,0.45312,-0.069856,1024.8,0.0001025,0.0,5.9732e-12,0.0,0.078061,44.37,1239.8,-0.0011882,-24.457,1.0,0.0,0.99997,0.0,0.33813,
59,-0.085232,0.070312,0.0014712,3.2114,-0.08376,192.44,0.0013777,0.0014208,2.6227e-09,1198.1,0.33594,-0.085232,1153.3,-0.00019961,0.0,2.7783e-12,0.0,0.094972,43.866,1220.7,-0.0014712,-24.698,1.0,0.0,0.99991,0.0,0.25758,
60,-0.097969,0.125,0.0017807,3.0856,-0.096188,183.19,0.0016787,0.00274,-3.9758e-09,1142.7,0.28906,-0.097969,1078.3,0.00012737,0.0,1.9413e-12,0.0,0.10943,43.263,1168.8,-0.0017807,-24.251,1.0,0.0,0.9999,0.0,0.408,
61,-0.074354,0.125,0.0012139,3.1111,-0.07314,171.81,0.0012567,0.0013098,7.3071e-09,1142.5,0.35156,-0.074354,1122.6,0.00020849,0.0,3.8378e-12,0.0,0.083669,44.323,1153.3,-0.0012139,-24.616,1.0,0.0,1.0,0.0,0.45865,
62,-0.064869,0.10156,0.0015113,3.1099,-0.063357,175.0,0.0013246,0.0030215,-1.5166e-08,1107.4,0.40625,-0.064869,1001.3,0.00023637,0.0,-4.9941e-12,0.0,0.072741,44.869,1180.0,-0.0015113,-24.837,1.0,0.0,0.99981,0.0,0.22881,
63,-0.063138,0.09375,0.0012811,3.0726,-0.061857,169.5,0.0010835,0.0011191,-6.6567e-09,1100.7,0.28125,-0.063138,864.61,-6.073e-05,0.0,0.0,0.0,0.070221,45.096,1193.1,-0.0012811,-24.79,1.0,0.0,0.9998,0.0,0.1938,
64,-0.067654,0.125,0.0008326,3.1284,-0.066822,185.06,0.0010607,0.0010725,3.7363e-09,1158.2,0.22656,-0.067654,962.41,-8.6226e-06,0.0,-3.8281e-12,0.0,0.076816,44.77,1215.5,-0.0008326,-24.786,1.0,0.0,1.0002,0.0,0.31034,
65,-0.065503,0.125,0.0012849,3.1412,-0.064218,193.19,0.0011222,0.0011638,-8.3088e-09,1154.5,0.33594,-0.065503,1059.1,-4.031e-05,0.0,2.9065e-12,0.0,0.07202,45.134,1202.7,-0.0012849,-24.858,1.0,0.0,0.99984,0.0,0.35976,
66,-0.078952,0.10938,0.0011687,3.2172,-0.077783,211.75,0.0012617,0.0013214,-3.0274e-08,1223.7,0.19531,-0.078952,1159.3,-0.00015935,0.0,0.0,0.0,0.088425,44.186,1239.4,-0.0011687,-24.702,1.0,0.0,1.0001,0.0,0.52294,
67,-0.06573,0.10938,0.0013707,3.1607,-0.064359,195.38,0.0012296,0.0012875,5.8404e-09,1073.1,0.57812,-0.06573,963.97,-8.108e-06,0.0,2.1222e-12,0.0,0.074561,44.915,1222.5,-0.0013707,-24.22,1.0,0.0,0.99986,0.0,0.33588,
68,-0.068116,0.125,0.0012631,3.1474,-0.066853,189.81,0.0011279,0.001169,-3.4415e-09,1159.7,0.32031,-0.068116,1012.4,-7.8465e-05,0.0,1.9205e-12,0.0,0.077169,44.635,1229.1,-0.0012631,-24.749,1.0,0.0,0.99986,0.0,0.37069,
69,-0.070865,0.125,0.0012518,3.15,-0.069627,223.31,0.0011776,0.0012116,-3.5756e-09,1171.9,0.4375,-0.070861,1039.1,-3.2407e-05,0.0,-8.8358e-12,0.0,0.080397,44.18,1275.3,-0.0012518,-24.381,0.99999,0.0,0.99993,0.0,0.35294,
70,-0.077137,0.125,0.0017292,3.1559,-0.075408,193.56,0.0013361,0.0014773,-1.7968e-08,1175.5,0.30469,-0.077137,1068.0,9.3179e-06,0.0,-1.8969e-12,0.0,0.086376,44.154,1222.6,-0.0017292,-24.683,1.0,0.0,0.99961,0.0,0.26515,
71,-0.080134,0.125,0.0014283,3.1444,-0.078706,195.31,0.0013574,0.0014204,6.0283e-09,1144.5,0.30469,-0.080134,949.28,6.7557e-06,0.0,0.0,0.0,0.090194,43.998,1230.1,-0.0014283,-24.377,1.0,0.0,0.99993,0.0,0.21622,
72,-0.065771,0.070312,0.0013085,3.1704,-0.064463,185.31,0.001101,0.0011379,7.106e-09,1124.8,0.27344,-0.065771,1013.0,-8.8583e-05,0.0,3.4697e-12,0.0,0.072846,44.736,1166.8,-0.0013085,-24.972,1.0,0.0,0.99979,0.0,0.376,
73,-0.075809,0.10156,0.0014622,3.1409,-0.074347,187.25,0.0012529,0.0013254,5.9461e-09,1169.6,0.375,-0.075809,1091.9,-4.7232e-05,0.0,1.8961e-12,0.0,0.084764,44.254,1216.2,-0.0014622,-24.543,1.0,0.0,0.99979,0.0,0.37857,
74,-0.073925,0.125,0.001558,3.2586,-0.072367,210.12,0.0011983,0.0012496,-2.106e-09,1229.0,0.32031,-0.073925,1175.1,-0.00011169,0.0,3.6563e-12,0.0,0.083187,44.653,1254.4,-0.001558,-24.512,1.0,0.0,0.99964,0.0,0.47287,
75,-0.071645,0.11719,0.0013725,3.1589,-0.070273,227.0,0.0012398,0.0012572,1.9307e-09,1199.5,0.46875,-0.071645,1111.1,-0.00019495,0.0,1.9153e-12,0.0,0.082568,43.964,1277.5,-0.0013725,-24.387,1.0,0.0,0.99987,0.0,0.46753,
76,-0.072335,0.125,0.0014031,3.1268,-0.070932,203.62,0.0012602,0.0012823,-6.1726e-09,1169.2,0.375,-0.072335,1016.4,-8.5676e-05,0.0,4.3401e-12,0.0,0.081875,44.758,1261.0,-0.0014031,-24.714,1.0,0.0,0.99986,0.0,0.42,
77,-0.06821,0.10938,0.0013305,3.0902,-0.06688,205.06,0.0011979,0.0012436,1.9631e-08,1100.0,0.53906,-0.06821,960.58,0.00022342,0.0,3.6424e-12,0.0,0.077777,44.201,1263.0,-0.0013305,-24.526,1.0,0.0,0.99987,0.0,0.32331,
78,-0.086359,0.125,0.0016765,3.1854,-0.084683,221.19,0.0014884,0.0015256,5.543e-09,1210.5,0.28906,-0.086359,1074.4,-8.4268e-05,0.0,-1.8828e-12,0.0,0.097284,43.485,1265.8,-0.0016765,-24.254,1.0,0.0,0.99981,0.0,0.208,
79,-0.082913,0.125,0.0012729,3.1499,-0.081641,207.0,0.0013057,0.001368,0.0,1172.8,0.22656,-0.082913,936.45,0.00026124,0.0,0.0,0.0,0.09459,43.871,1242.0,-0.0012729,-24.672,1.0,0.0,1.0,0.0,0.34884,
80,-0.068128,0.078125,0.0015033,3.1428,-0.066641,187.0,0.0012495,0.0015917,4.0948e-08,1168.1,0.35156,-0.068124,1101.6,-0.00010988,0.0,-9.4928e-13,0.0,0.07667,44.695,1204.1,-0.0015033,-24.788,0.99999,0.0,0.99975,0.0,0.49315,
81,-0.08013,0.125,0.0015714,3.1156,-0.078558,187.19,0.0012573,0.0012875,-7.3523e-09,1160.0,0.42188,-0.08013,1066.9,8.7914e-06,0.0,-3.8293e-12,0.0,0.090136,44.137,1227.9,-0.0015714,-24.89,1.0,0.0,0.99969,0.0,0.23529,
82,-0.079715,0.125,0.0016466,3.0511,-0.078069,184.06,0.0012232,0.0012499,-3.689e-09,1088.9,0.34375,-0.079715,829.39,3.303e-05,0.0,-1.0293e-12,0.0,0.089183,44.003,1224.8,-0.0016466,-24.614,1.0,0.0,0.99958,0.0,0.44776,
83,-0.069182,0.125,0.0013584,3.1217,-0.067823,202.44,0.0011445,0.001185,1.9385e-08,1143.3,0.35938,-0.069182,1038.6,-0.00017976,0.0,-1.9796e-12,0.0,0.077817,44.66,1202.1,-0.0013584,-24.761,1.0,0.0,0.99979,0.0,0.24528,
84,-0.067313,0.125,0.0011919,3.0833,-0.066121,197.06,0.0011097,0.0011437,-8.3907e-09,1124.1,0.375,-0.067313,928.81,5.5044e-05,0.0,2.5116e-12,0.0,0.07643,44.545,1241.3,-0.0011919,-24.649,1.0,0.0,0.99992,0.0,0.37086,
85,-0.074652,0.125,0.0014476,3.1756,-0.073205,204.94,0.0012158,0.0012396,-1.086e-08,1202.8,0.32812,-0.074652,1117.2,-0.00027886,0.0,-2.8001e-12,0.0,0.083743,44.485,1244.5,-0.0014476,-24.536,1.0,0.0,0.99977,0.0,0.36207,
86,-0.071631,0.125,0.0015486,3.0784,-0.070083,177.62,0.0013132,0.0013716,1.2571e-08,1108.2,0.39062,-0.071631,1027.1,-2.0581e-05,0.0,1.0008e-12,0.0,0.080275,44.868,1160.1,-0.0015486,-24.421,1.0,0.0,0.99976,0.0,0.27273,
87,-0.081541,0.125,0.0015921,3.0878,-0.079949,216.5,0.0012137,0.001248,1.6691e-08,1159.3,0.28906,-0.081541,992.89,2.2128e-05,0.0,0.0,0.0,0.090681,43.843,1226.9,-0.0015921,-24.258,1.0,0.0,0.99962,0.0,0.32237,
88,-0.083863,0.125,0.001508,3.1242,-0.082355,212.62,0.0013052,0.0013418,6.7778e-09,1186.0,0.17969,-0.083863,945.26,-0.00010659,0.0,9.5678e-13,0.0,0.09359,43.77,1238.8,-0.001508,-24.249,1.0,0.0,0.9998,0.0,0.44118,
89,-0.072581,0.09375,0.0013022,3.0429,-0.071279,208.75,0.001278,0.0013203,-6.6698e-09,1102.4,0.55469,-0.072581,977.03,0.00011081,0.0,-4.1686e-12,0.0,0.080699,44.511,1258.6,-0.0013022,-24.143,1.0,0.0,0.99998,0.0,0.29801,
90,-0.079231,0.125,0.0015606,3.1649,-0.07767,192.44,0.0012751,0.0013146,1.2497e-08,1184.5,0.23438,-0.079231,1051.2,5.6578e-05,0.0,9.3875e-13,0.0,0.088431,44.283,1225.3,-0.0015606,-24.379,1.0,0.0,0.99971,0.0,0.36066,
91,-0.078014,0.125,0.0016172,3.067,-0.076396,194.44,0.001421,0.0014983,8.8624e-09,1109.1,0.32812,-0.078014,941.38,-6.2404e-05,0.0,1.5273e-12,0.0,0.087863,44.49,1191.0,-0.0016172,-24.021,1.0,0.0,0.9998,0.0,0.48507,
92,-0.066601,0.125,0.0012974,3.1127,-0.065304,185.75,0.0011745,0.0012035,-4.3456e-08,1118.1,0.46094,-0.066601,990.0,1.0667e-05,0.0,0.0,0.0,0.075205,44.632,1227.6,-0.0012974,-24.892,1.0,0.0,0.99988,0.0,0.35238,
93,-0.069161,0.125,0.001364,3.6108,-0.067797,194.88,0.0012124,0.0012792,4.8293e-08,1103.3,0.46875,-0.069161,946.53,-9.3548e-05,0.0,-5.1262e-12,0.0,0.077439,44.54,1241.6,-0.001364,-24.442,1.0,0.0,0.99985,0.0,0.264,
94,-0.079166,0.125,0.0015576,3.1752,-0.077608,223.25,0.0012759,0.0013221,2.6628e-09,1208.2,0.29688,-0.079166,1063.7,-0.00018032,0.0,3.7824e-12,0.0,0.089728,44.228,1269.2,-0.0015576,-24.281,1.0,0.0,0.99972,0.0,0.28947,
95,-0.074295,0.125,0.0014696,3.25,-0.072826,241.38,0.001337,0.0013977,5.7445e-09,1237.5,0.23438,-0.074295,1088.8,6.1198e-05,0.0,0.0,0.0,0.083789,44.248,1283.0,-0.0014696,-24.602,1.0,0.0,0.99987,0.0,0.36842,
96,-0.077322,0.125,0.0013528,3.119,-0.075969,180.44,0.0012865,0.0013333,3.3858e-08,1134.6,0.33594,-0.077322,1014.4,1.5411e-05,0.0,0.0,0.0,0.087531,44.582,1195.4,-0.0013528,-24.227,1.0,0.0,0.99993,0.0,0.46875,
97,-0.069858,0.125,0.001525,3.0655,-0.068333,198.75,0.0012279,0.0012865,-6.6369e-08,1130.1,0.39062,-0.069858,1032.4,0.00012921,0.0,0.0,0.0,0.078071,44.415,1192.6,-0.001525,-24.481,1.0,0.0,0.9997,0.0,0.42857,
98,-0.076537,0.125,0.0016571,3.0951,-0.07488,244.44,0.001364,0.0014393,-1.937e-08,1158.3,0.45312,-0.076537,954.07,0.00020086,0.0,1.0191e-12,0.0,0.085708,43.839,1327.6,-0.0016571,-24.34,1.0,0.0,0.99971,0.0,0.39344,
99,-0.073966,0.125,0.0013024,3.046,-0.072664,175.81,0.0013577,0.0014518,-5.9566e-09,1056.4,0.4375,-0.073966,926.16,8.6225e-05,0.0,3.1729e-12,0.0,0.082946,44.297,1157.7,-0.0013024,-24.55,1.0,0.0,1.0001,0.0,0.20561,
100,-0.071064,0.125,0.0014626,3.0501,-0.069602,178.69,0.0012015,0.0012349,-8.2899e-09,1099.0,0.26562,-0.071064,874.38,-8.607e-05,0.0,-3.0358e-12,0.0,0.079796,44.518,1180.3,-0.0014626,-24.503,1.0,0.0,0.99974,0.0,0.26277,0.033333
101,-0.077865,0.125,0.0014843,3.7052,-0.076381,180.5,0.001214,0.0012655,-6.4264e-09,1145.1,0.27344,-0.077865,983.26,9.9857e-05,0.0,-1.931e-12,0.0,0.088439,44.483,1206.0,-0.0014843,-24.93,1.0,0.0,0.99973,0.0,0.22845,
102,-0.074859,0.125,0.0011921,3.1279,-0.073667,255.69,0.0011503,0.001174,2.229e-09,1164.9,0.24219,-0.074859,865.45,-7.5713e-06,0.0,0.0,0.0,0.084944,43.835,1260.5,-0.0011921,-23.742,1.0,0.0,0.99996,0.0,0.5,
103,-0.079984,0.125,0.0013356,2.6845,-0.078648,198.44,0.0012875,0.0013117,1.1063e-09,1060.4,0.29688,-0.079984,723.79,0.00013542,0.0,4.3216e-12,0.0,0.090475,44.068,1202.6,-0.0013356,-24.257,1.0,0.0,0.99995,0.0,0.42593,
104,-0.081923,0.11719,0.0017964,3.0415,-0.080127,224.19,0.0014133,0.0014629,1.6412e-08,1095.8,0.30469,-0.081923,755.79,-1.4933e-05,0.0,3.2055e-12,0.0,0.093434,43.719,1244.8,-0.0017964,-23.616,1.0,0.0,0.99962,0.0,0.37037,
105,-0.068458,0.078125,0.0014388,2.6537,-0.067043,175.88,0.0012859,0.0013271,-2.7546e-10,1041.4,0.51562,-0.068456,934.27,-0.00010324,0.0,2.152e-12,0.0,0.077128,45.008,1155.4,-0.0014388,-24.388,0.99999,0.0,0.99985,0.0,0.17699,
106,-0.080857,0.125,0.0015125,3.0319,-0.079361,199.0,0.0014312,0.0014807,1.0806e-08,1081.5,0.17188,-0.080847,720.55,-6.0432e-05,0.0,2.1106e-12,0.0,0.090763,43.908,1156.5,-0.0015125,-24.298,0.99999,0.0,0.99992,0.0,0.3871,
107,-0.080466,0.125,0.0014472,3.0741,-0.079019,203.69,0.0013798,0.0014206,-1.5197e-09,1145.0,0.26562,-0.080466,917.44,9.2846e-05,0.0,-4.4524e-12,0.0,0.090097,43.695,1227.3,-0.0014472,-24.236,1.0,0.0,0.99993,0.0,0.35644,
108,-0.070985,0.0625,0.0015812,2.5659,-0.069404,191.25,0.0013082,0.0013763,2.7383e-08,1027.1,0.53906,-0.070985,888.32,-0.000218,0.0,3.8997e-12,0.0,0.078634,44.562,1189.4,-0.0015812,-24.349,1.0,0.0,0.99973,0.0,0.4697,
109,-0.079804,0.125,0.0015209,3.0851,-0.078283,191.31,0.0013493,0.0014248,7.9034e-09,1149.1,0.38281,-0.079804,1129.1,-1.8804e-05,0.0,1.9447e-12,0.0,0.090599,44.407,1161.5,-0.0015209,-24.395,1.0,0.0,0.99983,0.0,0.43066,
110,-0.075264,0.125,0.0012064,2.6535,-0.074058,171.25,0.0012796,0.0014078,4.6063e-09,1051.2,0.44531,-0.075264,852.4,-2.6824e-05,0.0,1.0584e-12,0.0,0.085046,44.492,1210.7,-0.0012064,-24.264,1.0,0.0,1.0001,0.0,0.45312,
111,-0.06809,0.054688,0.0012025,3.1425,-0.066887,180.44,0.0011757,0.0012055,-1.4682e-08,1057.4,0.42188,-0.06809,903.61,-0.00028239,0.0,5.3102e-13,0.0,0.076965,44.612,1169.6,-0.0012025,-24.49,1.0,0.0,0.99997,0.0,0.38168,
112,-0.074213,0.125,0.0011697,3.0246,-0.073043,194.88,0.0012326,0.0012598,-6.5368e-09,1070.2,0.35156,-0.074213,817.09,8.963e-05,0.0,5.8516e-12,0.0,0.084064,44.458,1207.5,-0.0011697,-24.422,1.0,0.0,1.0001,0.0,0.38017,
113,-0.081447,0.125,0.0014411,3.0392,-0.080006,236.5,0.0013551,0.0013858,1.7052e-08,1106.9,0.48438,-0.081447,949.56,6.6536e-05,0.0,-1.07e-12,0.0,0.090813,43.204,1254.7,-0.0014411,-23.794,1.0,0.0,0.99991,0.0,0.31169,
114,-0.068123,0.125,0.001288,3.115,-0.066835,184.31,0.0011348,0.0011672,-1.9474e-08,1102.5,0.26562,-0.068123,869.53,0.00011401,0.0,5.0714e-13,0.0,0.07715,44.761,1186.8,-0.001288,-24.203,1.0,0.0,0.99985,0.0,0.42149,
115,-0.057307,0.11719,0.001195,2.4808,-0.056112,178.19,0.0010245,0.0010782,9.3358e-09,1020.9,0.35156,-0.057307,907.53,-0.00019832,0.0,-6.078e-12,0.0,0.065637,45.031,1082.4,-0.001195,-24.739,1.0,0.0,0.99983,0.0,0.26471,
116,-0.071409,0.125,0.0013439,2.5379,-0.070065,189.88,0.0011051,0.00114,-4.3227e-10,1017.2,0.34375,-0.071409,695.55,1.3341e-05,0.0,2.2514e-12,0.0,0.079733,43.802,1185.7,-0.0013439,-24.323,1.0,0.0,0.99976,0.0,0.34586,
117,-0.084578,0.125,0.001492,3.0483,-0.083086,211.06,0.0013168,0.0013408,1.5261e-08,1109.4,0.36719,-0.084578,859.51,0.00017142,0.0,3.1102e-12,0.0,0.094213,43.392,1254.4,-0.001492,-24.192,1.0,0.0,0.99982,0.0,0.50355,
118,-0.07379,0.125,0.0012274,3.2047,-0.072562,187.88,0.0011503,0.001163,-2.2029e-09,1053.7,0.47656,-0.07379,886.43,5.9914e-05,0.0,-1.0756e-12,0.0,0.082668,44.097,1206.0,-0.0012274,-24.25,1.0,0.0,0.99992,0.0,0.44628,
119,-0.069592,0.10156,0.0016686,3.2094,-0.067923,192.94,0.0012352,0.0012926,-7.6761e-09,1062.6,0.45312,-0.069592,881.84,-0.00012828,0.0,2.1418e-12,0.0,0.078317,44.481,1212.4,-0.0016686,-24.598,1.0,0.0,0.99957,0.0,0.36216,
120,-0.079107,0.125,0.001349,3.1658,-0.077758,210.31,0.0013204,0.0013486,-1.1245e-09,1164.4,0.36719,-0.079107,1032.7,0.00011033,0.0,-4.3927e-12,0.0,0.089927,44.067,1240.8,-0.001349,-24.346,1.0,0.0,0.99997,0.0,0.38211,
121,-0.074951,0.125,0.0017635,2.498,-0.073206,208.06,0.0013458,0.001514,8.2004e-09,1007.6,0.39844,-0.074952,846.33,2.4487e-05,0.0,-9.3187e-12,0.0,0.083783,44.06,1114.4,-0.0017635,-23.745,0.99999,0.0,0.99958,0.0,0.60784,
122,-0.07721,0.070312,0.0015641,3.0311,-0.075664,215.5,0.0012735,0.0013141,1.2345e-08,1065.3,0.35938,-0.077205,874.76,-6.9581e-08,0.0,-2.192e-12,0.0,0.087385,43.842,1172.1,-0.0015641,-23.869,0.99999,0.0,0.99971,0.0,0.46957,
123,-0.069151,0.10156,0.001418,2.9526,-0.067733,181.88,0.0012878,0.0013141,-7.0611e-09,992.24,0.59375,-0.069151,833.09,4.7794e-05,0.0,8.0448e-12,0.0,0.077299,44.586,1224.8,-0.001418,-24.153,1.0,0.0,0.99987,0.0,0.43284,
124,-0.065261,0.078125,0.0014797,3.0525,-0.063782,232.94,0.0011941,0.0012312,-1.7941e-08,1070.1,0.41406,-0.065261,887.64,8.3829e-05,0.0,3.3373e-12,0.0,0.07385,44.502,1199.1,-0.0014797,-24.058,1.0,0.0,0.99971,0.0,0.40984,
125,-0.077285,0.125,0.0015409,3.0626,-0.075744,262.12,0.0013778,0.0016443,1.9345e-08,1063.2,0.42188,-0.077285,776.63,-0.00013357,0.0,5.8128e-12,0.0,0.085393,43.495,1272.4,-0.0015409,-23.338,1.0,0.0,0.99984,0.0,0.52795,
126,-0.068853,0.125,0.0013148,3.0832,-0.067539,197.69,0.0011515,0.001224,3.4219e-08,1047.7,0.45312,-0.068853,839.83,-0.00020357,0.0,0.0,0.0,0.077561,44.719,1220.0,-0.0013148,-24.134,1.0,0.0,0.99984,0.0,0.45882,
127,-0.061754,0.11719,0.0012173,2.7239,-0.060536,163.69,0.0011341,0.0011621,-1.3487e-08,901.72,0.63281,-0.061754,762.38,-8.4937e-05,0.0,0.0,0.0,0.068643,44.807,1141.9,-0.0012173,-24.244,1.0,0.0,0.99992,0.0,0.37589,
128,-0.087125,0.10156,0.00157,3.0893,-0.085555,209.25,0.0014242,0.0015094,-1.6263e-08,1094.3,0.26562,-0.087125,869.97,-8.3667e-05,0.0,-4.209e-12,0.0,0.097576,43.006,1175.5,-0.00157,-24.065,1.0,0.0,0.99985,0.0,0.33775,
129,-0.082696,0.125,0.0016264,3.0725,-0.081069,205.88,0.0013644,0.0014078,8.8495e-09,1067.3,0.35938,-0.082696,750.13,-0.00015544,0.0,-1.0811e-11,0.0,0.093525,43.244,1245.3,-0.0016264,-24.203,1.0,0.0,0.99974,0.0,0.5,
130,-0.074228,0.125,0.0013595,2.8337,-0.072869,179.94,0.0013564,0.0013881,1.5165e-08,934.59,0.46875,-0.074228,835.1,8.7995e-05,0.0,3.7023e-12,0.0,0.083493,43.969,1022.4,-0.0013595,-24.075,1.0,0.0,1.0,0.0,0.49107,
131,-0.084081,0.125,0.0015733,3.0056,-0.082524,187.69,0.0014254,0.0015069,1.3477e-08,986.01,0.41406,-0.08408,787.55,4.2671e-05,0.0,-2.3332e-12,0.0,0.094676,43.67,1126.3,-0.0015733,-23.909,0.99999,0.0,0.99985,0.0,0.41353,
132,-0.065955,0.125,0.0012426,2.9732,-0.064729,192.56,0.0011271,0.001169,4.1669e-09,993.61,0.47656,-0.065954,717.8,-6.9935e-05,0.0,3.4879e-12,0.0,0.07582,44.208,1244.7,-0.0012426,-24.018,0.99999,0.0,0.99988,0.0,0.57639,
133,-0.073613,0.125,0.0013121,2.9125,-0.072301,185.62,0.0012902,0.0013461,2.4431e-09,966.32,0.4375,-0.073613,722.16,-8.4767e-05,0.0,1.1929e-12,0.0,0.082902,44.103,1156.2,-0.0013121,-24.035,1.0,0.0,0.99998,0.0,0.52632,
134,-0.060939,0.10156,0.0014663,2.4881,-0.059472,194.0,0.0013799,0.0038042,8.028e-09,847.37,0.625,-0.060939,619.61,2.3906e-05,0.0,-7.1271e-13,0.0,0.06685,44.161,1227.0,-0.0014663,-23.931,1.0,0.0,0.99991,0.0,0.34,
135,-0.062169,0.125,0.0012972,3.0713,-0.060872,196.25,0.0010923,0.0012035,2.8079e-09,1045.4,0.5,-0.062169,871.64,5.4552e-05,0.0,0.0,0.0,0.069126,44.267,1219.1,-0.0012972,-24.661,1.0,0.0,0.9998,0.0,0.31538,
136,-0.072361,0.125,0.0012909,3.0492,-0.07107,204.12,0.0012343,0.0012618,-5.9119e-09,1091.4,0.32031,-0.072361,905.46,-3.7669e-05,0.0,0.0,0.0,0.080827,44.336,1179.0,-0.0012909,-24.199,1.0,0.0,0.99994,0.0,0.49359,
137,-0.075753,0.125,0.001141,3.1818,-0.074612,349.62,0.0013814,0.0014415,-4.3656e-09,1223.4,0.32031,-0.075753,942.41,0.00010517,0.0,2.1316e-12,0.0,0.084808,43.794,1355.9,-0.001141,-23.451,1.0,0.0,1.0002,0.0,0.3961,
138,-0.07069,0.078125,0.0013605,2.9814,-0.06935,198.06,0.0011382,0.0011679,8.5317e-09,980.52,0.5,-0.070689,725.89,0.00011273,0.0,0.0,0.0,0.079909,44.032,1235.2,-0.0013605,-24.185,0.99999,0.0,0.99978,0.0,0.56383,
139,-0.072003,0.125,0.0013989,3.0376,-0.070604,179.25,0.0012476,0.0015111,1.7849e-08,1007.4,0.48438,-0.072003,804.23,3.3078e-05,0.0,-5.0605e-12,0.0,0.080743,44.435,1198.3,-0.0013989,-24.007,1.0,0.0,0.99985,0.0,0.384,
140,-0.070724,0.10156,0.0010178,3.0742,-0.069707,207.31,0.0011618,0.0012132,8.0971e-09,1090.7,0.41406,-0.070724,911.34,-0.00015519,0.0,2.1086e-12,0.0,0.080424,44.307,1217.4,-0.0010178,-24.084,1.0,0.0,1.0001,0.0,0.3209,
141,-0.073923,0.125,0.0013064,3.0685,-0.072617,194.81,0.0011937,0.0012192,6.5685e-09,1065.9,0.375,-0.073923,829.04,7.9567e-05,0.0,0.0,0.0,0.082497,44.239,1208.1,-0.0013064,-24.237,1.0,0.0,0.99989,0.0,0.25962,
142,-0.071998,0.10156,0.001602,2.5103,-0.070396,208.81,0.001163,0.0012104,8.7844e-09,1023.0,0.34375,-0.071998,802.43,6.0268e-05,0.0,1.1438e-12,0.0,0.080627,44.016,1138.6,-0.001602,-23.883,1.0,0.0,0.99956,0.0,0.40411,
143,-0.080508,0.125,0.0016859,3.0834,-0.078822,210.88,0.0012944,0.0013467,-8.1874e-09,1142.7,0.23438,-0.080508,973.83,5.5227e-05,0.0,0.0,0.0,0.091361,44.128,1194.4,-0.0016859,-24.104,1.0,0.0,0.99961,0.0,0.34653,
144,-0.058505,0.125,0.0011796,2.8637,-0.057326,181.94,0.00095588,0.00097942,2.4251e-09,968.45,0.48438,-0.058505,727.84,0.00017726,0.0,5.9206e-12,0.0,0.066542,44.553,1194.5,-0.0011796,-24.391,1.0,0.0,0.99978,0.0,0.35374,
145,-0.085259,0.125,0.0014902,3.1517,-0.083769,245.19,0.0014123,0.0014599,-3.0376e-09,1187.0,0.32812,-0.085259,989.74,0.000177,0.0,-9.8881e-13,0.0,0.095973,43.566,1283.4,-0.0014902,-23.773,1.0,0.0,0.99992,0.0,0.36154,
146,-0.07929,0.10156,0.0013903,3.0481,-0.0779,237.38,0.001308,0.0013348,-3.0681e-08,1107.7,0.27344,-0.07929,805.91,-6.1531e-05,0.0,0.0,0.0,0.089687,43.735,1221.3,-0.0013903,-23.733,1.0,0.0,0.99992,0.0,0.39683,
147,-0.076437,0.125,0.0013317,3.0925,-0.075105,179.69,0.0012976,0.0013254,4.4384e-09,1039.2,0.40625,-0.076437,779.94,-0.00018084,0.0,-1.0836e-12,0.0,0.085195,44.58,1216.5,-0.0013317,-24.492,1.0,0.0,0.99997,0.0,0.40411,
148,-0.073058,0.10156,0.0016879,3.0512,-0.071386,221.56,0.0012651,0.0012965,1.7412e-08,1111.6,0.35156,-0.073052,821.07,0.00018682,0.0,0.0,0.0,0.081432,44.68,1269.1,-0.0016879,-24.16,0.99999,0.0,0.99958,0.0,0.40299,
149,-0.067017,0.125,0.0015476,2.8932,-0.06547,175.25,0.0012108,0.0012443,-1.0596e-08,954.32,0.48438,-0.067017,706.81,-0.00010457,0.0,-4.7817e-12,0.0,0.074562,44.804,1186.8,-0.0015476,-24.178,1.0,0.0,0.99966,0.0,0.61364,
150,-0.064595,0.078125,0.0013028,2.8328,-0.06332,171.56,0.0010948,0.0010941,-7.95e-09,951.3,0.54688,-0.064594,830.77,0.00019818,0.0,8.3609e-12,0.0,0.072643,44.659,1096.8,-0.0013028,-24.43,0.99999,0.0,0.99979,0.0,0.38346,0.05
151,-0.079726,0.125,0.0012803,3.0385,-0.078446,213.12,0.0013442,0.0013721,-1.1796e-08,1082.2,0.28125,-0.079726,858.78,1.0817e-05,0.0,-1.6074e-12,0.0,0.090578,43.913,1169.7,-0.0012803,-23.869,1.0,0.0,1.0001,0.0,0.42958,
152,-0.059168,0.125,0.0010521,2.6125,-0.058116,183.0,0.00098972,0.0010033,5.0129e-09,1039.1,0.46094,-0.059168,865.08,3.6854e-05,0.0,0.0,0.0,0.067189,45.132,1187.9,-0.0010521,-24.566,1.0,0.0,0.99994,0.0,0.40952,
153,-0.066789,0.125,0.0012819,3.0574,-0.065507,207.25,0.0011513,0.0011888,-1.342e-08,1060.0,0.45312,-0.066789,875.0,-0.0001907,0.0,5.4607e-12,0.0,0.075843,44.328,1213.3,-0.0012819,-23.982,1.0,0.0,0.99987,0.0,0.59639,
154,-0.069889,0.125,0.0012471,3.0045,-0.06866,185.69,0.0011402,0.0011712,0.0,996.52,0.42969,-0.06989,855.67,0.00014319,0.0,4.5944e-12,0.0,0.078697,44.541,1102.6,-0.0012471,-24.048,0.99999,0.0,0.99989,0.0,0.49669,
155,-0.066698,0.125,0.0011823,2.6739,-0.065516,169.94,0.0011698,0.0011911,2.314e-08,891.17,0.60156,-0.066698,693.73,4.2872e-05,0.0,5.1652e-12,0.0,0.075615,44.321,1189.3,-0.0011823,-24.026,1.0,0.0,0.99999,0.0,0.55435,
156,-0.057068,0.125,0.0014247,2.5191,-0.055644,165.0,0.0011153,0.0011435,1.8196e-08,846.33,0.57031,-0.057068,668.27,0.00011498,0.0,1.1619e-11,0.0,0.065636,44.782,1082.7,-0.0014247,-23.967,1.0,0.0,0.99969,0.0,0.3945,
157,-0.062792,0.125,0.0014671,2.7824,-0.061325,183.62,0.0011293,0.0011259,-1.3252e-08,903.27,0.45312,-0.062792,691.28,2.5486e-05,0.0,0.0,0.0,0.072002,44.313,1078.9,-0.0014671,-23.84,1.0,0.0,0.99966,0.0,0.344,
158,-0.086589,0.125,0.0017378,3.0428,-0.084851,211.88,0.0014687,0.0015124,9.6337e-09,1003.8,0.34375,-0.086589,687.84,6.9002e-06,0.0,7.056e-12,0.0,0.098212,43.206,1169.3,-0.0017378,-23.404,1.0,0.0,0.99973,0.0,0.47826,
159,-0.05805,0.125,0.001254,2.9864,-0.056796,196.19,0.001037,0.0010618,3.5647e-09,998.8,0.51562,-0.05805,861.15,-4.7356e-05,0.0,2.3207e-12,0.0,0.065705,44.868,1145.3,-0.001254,-24.13,1.0,0.0,0.99978,0.0,0.42484,
160,-0.074693,0.125,0.0015736,3.0891,-0.07312,204.12,0.0011267,0.0011424,-1.1818e-08,1011.1,0.28906,-0.074693,720.38,0.00015111,0.0,2.8851e-12,0.0,0.085897,44.143,1129.3,-0.0015736,-23.742,1.0,0.0,0.99955,0.0,0.52778,
161,-0.074593,0.11719,0.0015623,2.5808,-0.07303,189.19,0.0012412,0.0012461,-2.8227e-09,864.91,0.53125,-0.074593,706.93,-6.1232e-05,0.0,7.5804e-12,0.0,0.08573,43.626,1044.0,-0.0015623,-23.468,1.0,0.0,0.99968,0.0,0.42636,
162,-0.075074,0.10938,0.0013489,3.0901,-0.073725,216.75,0.0011741,0.0012203,3.8251e-09,1089.4,0.42969,-0.075074,898.36,0.00025956,0.0,-3.2018e-12,0.0,0.085174,43.784,1233.3,-0.0013489,-23.512,1.0,0.0,0.99983,0.0,0.5,
163,-0.066581,0.11719,0.0014421,3.0749,-0.065139,246.25,0.0012428,0.001285,-1.0786e-08,1031.0,0.45312,-0.066581,730.47,-0.00027471,0.0,4.154e-12,0.0,0.074554,44.392,1279.9,-0.0014421,-23.349,1.0,0.0,0.9998,0.0,0.49123,
164,-0.074165,0.125,0.0015139,3.0753,-0.072651,192.44,0.0011277,0.0011626,1.1446e-09,1025.7,0.53906,-0.074165,859.49,3.7156e-05,0.0,1.006e-11,0.0,0.08376,43.795,1220.0,-0.0015139,-23.886,1.0,0.0,0.99961,0.0,0.42105,
165,-0.075378,0.125,0.0014867,2.5779,-0.073891,208.81,0.0012631,0.0013117,-7.5534e-09,1029.5,0.39844,-0.075378,683.06,-0.00013347,0.0,3.4045e-12,0.0,0.086583,43.42,1258.9,-0.0014867,-23.408,1.0,0.0,0.99978,0.0,0.25,
166,-0.086685,0.125,0.001441,2.7957,-0.085262,172.12,0.0014799,0.0015011,3.852e-08,927.23,0.44531,-0.086677,691.39,0.00039628,0.0,2.4667e-12,0.0,0.10043,42.959,1116.6,-0.001441,-23.384,0.99999,0.0,1.0,0.0,0.39456,
167,-0.072275,0.125,0.0012351,3.0005,-0.07104,179.94,0.0011634,0.0011892,-5.6336e-08,992.49,0.28125,-0.072275,777.83,-7.8554e-05,0.0,-4.0116e-12,0.0,0.0818,43.688,1076.5,-0.0012351,-23.495,1.0,0.0,0.99993,0.0,0.5302,
168,-0.078865,0.09375,0.0013467,2.9528,-0.077518,213.75,0.0011839,0.001209,7.3461e-09,992.67,0.45312,-0.078865,804.78,0.00014974,0.0,0.0,0.0,0.089791,43.548,1148.4,-0.0013467,-23.031,1.0,0.0,0.99984,0.0,0.6055,
169,-0.077861,0.09375,0.0016216,2.4668,-0.076239,178.62,0.0013043,0.0014175,1.0409e-08,842.84,0.55469,-0.077861,665.85,-0.00042127,0.0,7.0107e-12,0.0,0.088101,43.293,1063.3,-0.0016216,-23.293,1.0,0.0,0.99968,0.0,0.52273,
170,-0.073215,0.11719,0.0010203,2.7779,-0.072194,228.31,0.001174,0.0011761,-1.2997e-09,939.13,0.54688,-0.073215,670.33,-5.5181e-05,0.0,-2.6204e-12,0.0,0.082768,42.786,1263.6,-0.0010203,-22.832,1.0,0.0,1.0002,0.0,0.58974,
171,-0.075336,0.070312,0.0018634,2.9292,-0.073473,254.75,0.0013948,0.0014297,-1.1324e-08,928.51,0.59375,-0.075336,697.24,-0.00018831,0.0,-1.3823e-12,0.0,0.086572,42.28,1266.5,-0.0018634,-22.746,1.0,0.0,0.99953,0.0,0.55797,
172,-0.066843,0.070312,0.0017336,2.8618,-0.065109,202.88,0.0011638,0.0011978,-2.3827e-08,963.34,0.57031,-0.066843,806.36,-6.224e-05,0.0,4.8987e-12,0.0,0.075849,43.675,1171.7,-0.0017336,-23.462,1.0,0.0,0.99943,0.0,0.57333,
173,-0.072083,0.125,0.0015095,3.0046,-0.070574,203.38,0.0012285,0.0012556,5.1655e-08,978.79,0.49219,-0.072083,786.08,7.0635e-05,0.0,-3.6032e-12,0.0,0.083099,43.568,1165.6,-0.0015095,-23.294,1.0,0.0,0.99972,0.0,0.25,
174,-0.076772,0.085938,0.0012561,2.5108,-0.075516,160.69,0.0011799,0.0011973,-1.1553e-08,821.09,0.67188,-0.076772,674.83,-9.4235e-05,0.0,2.8205e-12,0.0,0.087815,43.677,1120.6,-0.0012561,-23.425,1.0,0.0,0.99992,0.0,0.43333,
175,-0.078858,0.125,0.0014539,2.5899,-0.077404,187.31,0.0011994,0.0012494,1.1178e-09,1040.5,0.19531,-0.078858,840.72,0.00028454,0.0,-2.1832e-12,0.0,0.089533,43.601,1089.0,-0.0014539,-23.491,1.0,0.0,0.99975,0.0,0.44144,
176,-0.075629,0.070312,0.0012314,3.0477,-0.074398,173.0,0.0011092,0.0011247,-2.8149e-09,850.59,0.57812,-0.075629,700.69,0.00020771,0.0,-5.4979e-12,0.0,0.087215,43.255,1056.0,-0.0012314,-23.007,1.0,0.0,0.99988,0.0,0.31538,
177,-0.098669,0.070312,0.001494,2.9638,-0.097175,196.69,0.001383,0.0013966,2.1806e-08,983.91,0.3125,-0.098669,776.17,-0.00021031,0.0,-2.3661e-12,0.0,0.11151,42.473,1078.3,-0.001494,-22.61,1.0,0.0,0.99989,0.0,0.52632,
178,-0.092503,0.11719,0.0014239,2.5205,-0.09108,211.81,0.0012786,0.0013063,6.5444e-09,1013.3,0.3125,-0.092503,725.1,-2.3415e-05,0.0,-1.162e-12,0.0,0.10553,42.404,1144.3,-0.0014239,-23.119,1.0,0.0,0.99985,0.0,0.53333,
179,-0.090831,0.046875,0.0013688,2.5971,-0.089462,183.19,0.0012702,0.0012735,-8.205e-09,880.57,0.60938,-0.090831,690.79,-5.3452e-05,0.0,5.3418e-12,0.0,0.1034,42.624,1176.6,-0.0013688,-22.964,1.0,0.0,0.9999,0.0,0.5,
180,-0.083857,0.125,0.0013659,2.6435,-0.082491,169.62,0.0011307,0.001159,-4.284e-09,893.12,0.46875,-0.083857,609.65,0.00010546,0.0,1.0298e-11,0.0,0.096224,42.568,1143.2,-0.0013659,-23.033,1.0,0.0,0.99976,0.0,0.35938,
181,-0.075988,0.125,0.0012024,2.6969,-0.074785,207.12,0.00099315,0.0010025,-1.1992e-08,922.83,0.46094,-0.075988,553.02,2.6069e-05,0.0,-1.3013e-12,0.0,0.087126,42.853,1239.0,-0.0012024,-22.528,1.0,0.0,0.99979,0.0,0.5,
182,-0.075681,0.070312,0.0013871,2.8271,-0.074294,207.12,0.0010547,0.0010927,-1.1242e-08,928.19,0.46094,-0.075681,739.39,-0.00024436,0.0,2.5832e-12,0.0,0.086213,42.542,1089.6,-0.0013871,-22.948,1.0,0.0,0.99967,0.0,0.53548,
183,-0.066105,0.125,0.00099277,2.9071,-0.065112,180.56,0.00095796,0.00099656,1.7178e-08,971.68,0.5,-0.066105,745.92,-0.00010722,0.0,1.1772e-12,0.0,0.073529,43.991,1197.4,-0.00099277,-23.389,1.0,0.0,0.99997,0.0,0.36943,
184,-0.074934,0.1875,0.0010397,2.5652,-0.073894,200.88,0.0010467,0.0010691,-2.2722e-08,872.41,0.46875,-0.074934,547.92,-0.00017012,0.0,1.3869e-12,0.0,0.085755,42.006,1158.7,-0.0010397,-22.413,1.0,0.0,1.0,0.0,0.43529,
185,-0.069814,0.085938,0.0010238,2.5016,-0.06879,196.69,0.0010121,0.0010437,4.487e-08,1025.6,0.45312,-0.069814,867.33,-4.6987e-06,0.0,0.0,0.0,0.078771,43.168,1156.7,-0.0010238,-23.273,1.0,0.0,0.99999,0.0,0.27619,
186,-0.089295,0.11719,0.0013653,2.5335,-0.087929,212.38,0.0012005,0.0012212,-8.2402e-08,1013.8,0.32031,-0.089295,714.37,-8.0763e-06,0.0,-1.162e-12,0.0,0.10149,42.329,1155.0,-0.0013653,-22.552,1.0,0.0,0.99984,0.0,0.26829,
187,-0.074229,0.125,0.0013085,3.0433,-0.07292,197.75,0.0010828,0.0011338,8.7987e-09,1064.9,0.28906,-0.074229,782.73,0.00010151,0.0,-1.0741e-12,0.0,0.084317,43.695,1179.6,-0.0013085,-22.743,1.0,0.0,0.99977,0.0,0.39735,
188,-0.074563,0.078125,0.0013225,3.0064,-0.07324,172.69,0.00098061,0.00099908,-6.4018e-09,992.02,0.42188,-0.074563,805.04,5.9175e-05,0.0,1.1367e-12,0.0,0.085619,43.088,1128.5,-0.0013225,-23.117,1.0,0.0,0.99966,0.0,0.38686,
189,-0.076784,0.09375,0.0012142,3.0604,-0.07557,188.56,0.0010433,0.0010621,3.3586e-09,1040.4,0.28906,-0.076784,891.03,2.7863e-05,0.0,2.1866e-12,0.0,0.08772,42.785,1101.1,-0.0012142,-22.798,1.0,0.0,0.99983,0.0,0.4569,
190,-0.097464,0.11719,0.0014933,2.9731,-0.095991,200.94,0.001204,0.0012369,1.228e-08,977.57,0.4375,-0.097465,749.7,9.4331e-05,0.0,-5.3963e-12,0.0,0.10842,41.816,1154.8,-0.0014933,-22.194,0.99999,0.0,0.99971,0.0,0.50538,
191,-0.080457,0.10156,0.0011699,3.0113,-0.079287,240.19,0.001037,0.0010545,-1.4046e-08,1088.9,0.33594,-0.080457,763.47,9.275e-05,0.0,-7.6813e-12,0.0,0.090618,42.421,1253.5,-0.0011699,-22.147,1.0,0.0,0.99987,0.0,0.61017,
192,-0.070959,0.125,0.00094353,2.5316,-0.070016,213.69,0.0010396,0.0010495,2.9284e-09,865.02,0.6875,-0.070959,692.42,9.3782e-06,0.0,7.1494e-12,0.0,0.080393,42.18,1244.7,-0.00094353,-22.487,1.0,0.0,1.0001,0.0,0.51899,
193,-0.094481,0.11719,0.0012746,2.7027,-0.093207,191.56,0.0011253,0.0011418,9.0168e-09,912.09,0.58594,-0.094481,656.36,-8.0286e-05,0.0,-2.5851e-12,0.0,0.10601,41.631,1274.0,-0.0012746,-22.216,1.0,0.0,0.99985,0.0,0.32308,
194,-0.10226,0.125,0.0017527,2.4978,-0.10051,208.31,0.0013025,0.0013298,-5.8909e-09,1017.8,0.36719,-0.10226,691.74,3.0273e-05,0.0,-2.3011e-12,0.0,0.11519,42.204,1206.9,-0.0017527,-22.573,1.0,0.0,0.99955,0.0,0.42342,
195,-0.074921,0.11719,0.0012983,2.546,-0.073623,203.25,0.00099424,0.0010198,-7.8377e-09,994.16,0.4375,-0.074921,829.68,-0.00012252,0.0,1.1775e-12,0.0,0.085255,42.788,1122.1,-0.0012983,-22.812,1.0,0.0,0.9997,0.0,0.33333,
196,-0.09149,0.085938,0.0011817,3.0444,-0.090308,225.94,0.0011227,0.0011313,1.7667e-08,1089.6,0.30469,-0.09149,753.87,1.6673e-05,0.0,-5.9305e-12,0.0,0.10284,41.787,1236.8,-0.0011817,-22.103,1.0,0.0,0.99994,0.0,0.55396,
197,-0.075635,0.10938,0.0012289,2.9926,-0.074406,223.44,0.0010987,0.0011104,-5.1869e-09,981.87,0.46875,-0.075635,789.08,-2.7827e-06,0.0,-4.9118e-12,0.0,0.086236,42.678,1152.0,-0.0012289,-22.491,1.0,0.0,0.99987,0.0,0.48765,
198,-0.073269,0.078125,0.0012262,2.9849,-0.072043,180.44,0.00093462,0.00094675,1.3457e-08,968.87,0.49219,-0.073269,766.75,0.00032969,0.0,-5.3156e-12,0.0,0.084531,42.783,1164.8,-0.0012262,-22.867,1.0,0.0,0.99971,0.0,0.47328,
199,-0.074048,0.125,0.0010745,2.4003,-0.072974,177.25,0.00098865,0.0010061,3.0365e-08,828.95,0.625,-0.074048,616.17,0.00024886,0.0,9.289e-12,0.0,0.082999,42.326,1183.6,-0.0010745,-22.611,1.0,0.0,0.99991,0.0,0.62963,
200,-0.080391,0.125,0.0015591,2.873,-0.078832,202.88,0.0010558,0.0010745,-2.5341e-09,955.55,0.39062,-0.080391,599.28,0.00017856,0.0,-2.4747e-12,0.0,0.091067,42.243,1183.9,-0.0015591,-22.727,1.0,0.0,0.9995,0.0,0.50955,0.0
201,-0.087079,0.078125,0.0010616,2.5634,-0.086017,221.44,0.001061,0.0010751,1.1672e-08,997.62,0.52344,-0.087079,742.27,-0.00014792,0.0,0.0,0.0,0.10075,41.726,1278.1,-0.0010616,-21.979,1.0,0.0,1.0,0.0,0.53846,
202,-0.072019,0.046875,0.00096739,2.6342,-0.071052,202.0,0.00094705,0.0009593,1.2613e-08,873.03,0.5625,-0.072019,664.76,-6.0457e-05,0.0,-1.1103e-11,0.0,0.081851,42.37,1140.8,-0.00096739,-22.504,1.0,0.0,0.99998,0.0,0.48092,
203,-0.097019,0.125,0.0014544,2.9034,-0.095564,181.38,0.0012182,0.0012393,2.7014e-08,958.05,0.41406,-0.097019,656.62,-7.4915e-05,0.0,0.0,0.0,0.10988,42.069,1171.1,-0.0014544,-21.557,1.0,0.0,0.99976,0.0,0.38,
204,-0.083234,0.09375,0.0014264,2.6874,-0.081807,173.88,0.0010432,0.0010664,1.6927e-08,906.3,0.51562,-0.083234,637.24,0.00019015,0.0,3.1789e-12,0.0,0.093263,42.427,1192.7,-0.0014264,-22.085,1.0,0.0,0.99962,0.0,0.55556,
205,-0.1029,0.10156,0.0014431,2.8465,-0.10145,227.0,0.0014291,0.0016372,1.8559e-08,1049.2,0.4375,-0.1029,776.21,-0.0002067,0.0,-2.2655e-12,0.0,0.11714,41.49,1261.5,-0.0014431,-21.463,1.0,0.0,0.99999,0.0,0.48905,
206,-0.095499,0.11719,0.0012873,2.6738,-0.094212,180.44,0.0012428,0.0012592,4.2881e-08,880.99,0.58594,-0.095499,750.59,-9.2392e-06,0.0,2.6588e-12,0.0,0.10831,41.719,1065.5,-0.0012873,-21.817,1.0,0.0,0.99996,0.0,0.55208,
207,-0.074614,0.125,0.0011892,2.8155,-0.073425,177.5,0.00098547,0.0010207,2.6838e-08,932.61,0.44531,-0.074614,789.74,-0.0001091,0.0,-8.6335e-12,0.0,0.083594,42.38,1047.3,-0.0011892,-22.529,1.0,0.0,0.9998,0.0,0.31667,
208,-0.094227,0.125,0.0014572,3.0786,-0.09277,201.62,0.0011806,0.0012001,1.4341e-08,1032.9,0.41406,-0.094227,742.21,-1.5386e-05,0.0,-2.2408e-12,0.0,0.10563,41.734,1238.3,-0.0014572,-21.766,1.0,0.0,0.99972,0.0,0.41566,
209,-0.10042,0.11719,0.0012682,2.6834,-0.099151,194.69,0.0012294,0.0012541,1.7874e-08,1048.4,0.34375,-0.10042,825.77,-7.7771e-05,0.0,0.0,0.0,0.11481,41.459,1165.0,-0.0012682,-21.605,1.0,0.0,0.99996,0.0,0.45399,
210,-0.08475,0.125,0.0014363,2.5669,-0.083313,194.06,0.0012331,0.0013461,4.3673e-08,871.01,0.45312,-0.08475,675.97,-6.2666e-05,0.0,4.1273e-12,0.0,0.09682,41.765,1032.6,-0.0014363,-22.013,1.0,0.0,0.9998,0.0,0.71233,
211,-0.094368,0.10156,0.0016975,2.5217,-0.09267,200.81,0.0014041,0.0014494,-5.8674e-09,850.96,0.5625,-0.094368,727.78,-0.00023115,0.0,5.7299e-12,0.0,0.10601,41.529,1009.3,-0.0016975,-21.493,1.0,0.0,0.99971,0.0,0.40426,
212,-0.089983,0.11719,0.001734,2.9627,-0.088249,209.62,0.0012397,0.001279,-4.0376e-09,977.27,0.46094,-0.089983,673.8,-0.00019318,0.0,-3.6397e-12,0.0,0.10267,41.341,1236.8,-0.001734,-21.768,1.0,0.0,0.99951,0.0,0.53913,
213,-0.094944,0.125,0.001506,2.8,-0.093459,189.56,0.0012942,0.0013392,5.3205e-09,906.55,0.46875,-0.09494,692.3,0.00012896,0.0,-3.8968e-12,0.0,0.10538,41.759,1095.6,-0.001506,-21.641,0.99999,0.0,0.99979,0.0,0.38462,
214,-0.084162,0.070312,0.0011578,2.7657,-0.083004,178.94,0.0012781,0.0013354,-1.3919e-08,932.61,0.45312,-0.084162,619.05,-0.00013805,0.0,-3.7071e-12,0.0,0.094527,41.655,1192.4,-0.0011578,-22.325,1.0,0.0,1.0001,0.0,0.49265,
215,-0.092826,0.070312,0.0014145,2.6021,-0.091411,173.0,0.0015068,0.0015719,3.1981e-08,868.18,0.44531,-0.092826,697.4,0.00018367,0.0,-2.6794e-12,0.0,0.10316,41.868,1005.3,-0.0014145,-21.727,1.0,0.0,1.0001,0.0,0.63077,
216,-0.08307,0.11719,0.0018453,2.3425,-0.081225,176.12,0.0013774,0.0014288,-2.4242e-08,805.56,0.50781,-0.08307,654.62,-8.384e-05,0.0,0.0,0.0,0.092184,41.867,961.3,-0.0018453,-21.837,1.0,0.0,0.99953,0.0,0.55963,
217,-0.090317,0.11719,0.0013303,2.3378,-0.088987,183.12,0.0014607,0.0014878,-2.3789e-08,804.51,0.61719,-0.090317,548.99,0.0001497,0.0,-4.4964e-12,0.0,0.10198,41.733,1216.5,-0.0013303,-21.388,1.0,0.0,1.0001,0.0,0.5473,
218,-0.085656,0.023438,0.00152,2.7659,-0.084136,198.0,0.0012314,0.001256,-1.6239e-10,932.07,0.60938,-0.085656,789.05,-0.00028495,0.0,1.2053e-11,0.0,0.098467,41.717,1155.2,-0.00152,-21.694,1.0,0.0,0.99971,0.0,0.55652,
219,-0.071918,0.125,0.0012577,2.3009,-0.07066,184.0,0.0012412,0.0012468,9.5968e-09,780.24,0.52344,-0.071918,610.76,-7.2949e-05,0.0,1.562e-12,0.0,0.082416,42.173,966.39,-0.0012577,-21.83,1.0,0.0,0.99998,0.0,0.5678,
220,-0.081921,0.11719,0.0021265,2.6634,-0.079795,187.06,0.0014268,0.0014666,-4.3456e-09,900.3,0.52344,-0.081921,662.76,0.00025275,0.0,-2.6115e-12,0.0,0.094456,42.091,1161.2,-0.0021265,-21.247,1.0,0.0,0.9993,0.0,0.5098,
221,-0.11601,0.11719,0.0017193,2.5723,-0.11429,213.94,0.0016071,0.0016204,-1.8832e-08,872.27,0.51562,-0.11601,536.56,-9.2933e-05,0.0,-2.8294e-12,0.0,0.13347,39.705,1229.6,-0.0017193,-20.025,1.0,0.0,0.99989,0.0,0.54135,
222,-0.085687,0.085938,0.0016857,2.3353,-0.084002,184.94,0.0013311,0.0013682,-8.2026e-09,782.61,0.57031,-0.085687,562.55,0.00047325,0.0,1.5583e-12,0.0,0.095974,41.239,1074.7,-0.0016857,-21.016,1.0,0.0,0.99965,0.0,0.60909,
223,-0.090903,0.078125,0.0014173,2.4514,-0.089485,206.81,0.0012386,0.0012906,1.5892e-09,806.92,0.57031,-0.090903,668.81,0.00017486,0.0,0.0,0.0,0.10036,40.702,990.24,-0.0014173,-20.744,1.0,0.0,0.99982,0.0,0.41964,
224,-0.090051,0.125,0.0011685,2.4612,-0.088882,198.38,0.0011058,0.0011411,1.1961e-08,836.21,0.55469,-0.090051,528.7,-0.0001643,0.0,4.3804e-12,0.0,0.10176,40.99,1219.2,-0.0011685,-20.555,1.0,0.0,0.99994,0.0,0.52318,
225,-0.10952,0.078125,0.0012004,2.525,-0.10832,232.94,0.0013437,0.00138,-6.5545e-09,1021.8,0.375,-0.10952,791.08,0.00014317,0.0,-1.0035e-11,0.0,0.12255,40.243,1160.3,-0.0012004,-19.974,1.0,0.0,1.0001,0.0,0.53488,
226,-0.091621,0.11719,0.0012702,2.4075,-0.090375,178.94,0.001152,0.0011757,8.888e-09,822.73,0.5625,-0.091608,581.36,-0.00014841,0.0,7.233e-12,0.0,0.1023,41.069,1133.1,-0.0012702,-20.965,0.99999,0.0,0.99988,0.0,0.49194,
227,-0.086474,0.125,0.0011875,2.4872,-0.085286,195.38,0.0011654,0.0012307,1.5202e-08,846.25,0.53906,-0.086474,606.7,-0.00036489,0.0,0.0,0.0,0.09808,41.161,1126.4,-0.0011875,-20.698,1.0,0.0,0.99998,0.0,0.44928,
228,-0.10721,0.070312,0.0016574,2.6113,-0.10555,225.44,0.001334,0.0015098,-9.625e-09,894.25,0.48438,-0.10721,692.84,-2.1262e-05,0.0,2.785e-12,0.0,0.1228,40.172,1083.5,-0.0016574,-20.003,1.0,0.0,0.99968,0.0,0.57143,
229,-0.073706,0.0625,0.0010726,2.3079,-0.072634,178.25,0.00098571,0.0010223,4.8255e-09,771.15,0.49219,-0.073706,619.81,1.3296e-05,0.0,6.2832e-12,0.0,0.082763,41.882,917.83,-0.0010726,-21.274,1.0,0.0,0.99991,0.0,0.53061,
230,-0.10792,0.09375,0.001499,2.8317,-0.10643,289.0,0.0013193,0.001367,-1.1809e-08,935.06,0.53125,-0.10792,624.79,0.00025344,0.0,5.7661e-12,0.0,0.12296,40.345,1286.7,-0.001499,-20.116,1.0,0.0,0.99982,0.0,0.38323,
231,-0.11184,0.11719,0.0017341,2.7715,-0.1101,196.94,0.0012948,0.0013632,1.5551e-08,932.85,0.46094,-0.11184,605.29,0.00010863,0.0,-5.0621e-12,0.0,0.12568,40.561,1212.9,-0.0017341,-19.804,1.0,0.0,0.99956,0.0,0.53488,
232,-0.092863,0.023438,0.0014562,2.3863,-0.091429,200.25,0.0011973,0.0013027,-7.8103e-09,810.77,0.47656,-0.092858,679.07,-0.00017985,0.0,6.1018e-12,0.0,0.10534,40.772,930.69,-0.0014562,-20.369,0.99999,0.0,0.99974,0.0,0.4386,
233,-0.088354,0.070312,0.0011801,2.3719,-0.087174,182.56,0.0011598,0.001187,4.831e-09,774.79,0.53125,-0.088354,682.63,9.4172e-05,0.0,-3.1452e-12,0.0,0.10045,41.16,879.23,-0.0011801,-20.6,1.0,0.0,0.99998,0.0,0.57143,
234,-0.095344,0.125,0.0015651,2.6499,-0.093802,291.38,0.0013253,0.0013346,-5.0238e-09,884.59,0.41406,-0.095329,596.0,-5.2019e-06,0.0,-3.9249e-12,0.0,0.10795,40.37,1088.5,-0.0015651,-19.684,0.99999,0.0,0.99976,0.0,0.50388,
235,-0.098027,0.10156,0.0013338,2.3679,-0.096694,176.19,0.0012494,0.0012499,2.482e-09,776.55,0.57812,-0.098027,571.62,0.00013729,0.0,1.3961e-11,0.0,0.11281,40.583,1057.4,-0.0013338,-19.583,1.0,0.0,0.99992,0.0,0.53191,
236,-0.10317,0.054688,0.0017052,2.4181,-0.10147,194.5,0.0012797,0.0014383,1.7866e-08,835.05,0.47656,-0.10317,537.92,-6.8164e-05,0.0,2.9079e-12,0.0,0.11847,40.228,1105.6,-0.0017052,-19.915,1.0,0.0,0.99957,0.0,0.58268,
237,-0.098462,0.10938,0.0018064,2.2373,-0.096656,205.56,0.0012327,0.0012565,6.8242e-09,764.55,0.57031,-0.098462,546.9,-0.00011008,0.0,-8.3304e-13,0.0,0.11147,39.9,1053.4,-0.0018064,-19.768,1.0,0.0,0.99943,0.0,0.56989,
238,-0.094943,0.054688,0.0015445,2.3717,-0.093398,199.62,0.0012286,0.0012693,-1.5503e-09,814.78,0.625,-0.094943,681.24,8.1781e-05,0.0,-7.5698e-12,0.0,0.1085,40.676,1037.4,-0.0015445,-19.887,1.0,0.0,0.99968,0.0,0.35,
239,-0.13341,0.125,0.0016722,3.31,-0.13174,204.31,0.001398,0.0014071,-1.5513e-08,926.66,0.41406,-0.13341,604.42,-2.9762e-05,0.0,5.1572e-12,0.0,0.15187,39.317,1154.4,-0.0016722,-19.261,1.0,0.0,0.99973,0.0,0.46207,
240,-0.10455,0.125,0.001511,2.5904,-0.10304,191.56,0.0012166,0.0012822,7.2068e-09,853.21,0.41406,-0.10455,644.13,0.00016316,0.0,2.8152e-12,0.0,0.11914,40.632,1001.0,-0.001511,-20.31,1.0,0.0,0.99971,0.0,0.53077,
241,-0.13098,0.11719,0.0020222,2.988,-0.129,221.62,0.0014569,0.0014789,9.2784e-09,941.12,0.45312,-0.13097,547.6,-0.00015887,0.0,7.7665e-12,0.0,0.14929,39.0,1267.2,-0.0020222,-19.347,0.99998,0.0,0.99943,0.0,0.48077,
242,-0.098194,0.046875,0.0014611,2.5637,-0.096733,229.62,0.0012034,0.0012267,-1.8349e-08,853.3,0.55469,-0.098194,733.61,6.6568e-05,0.0,4.4798e-12,0.0,0.11148,40.318,1002.4,-0.0014611,-19.961,1.0,0.0,0.99974,0.0,0.3254,
243,-0.10216,0.10156,0.0016596,2.9188,-0.1005,235.94,0.0011889,0.0011948,-6.5404e-09,965.0,0.34375,-0.10216,557.5,-2.016e-05,0.0,6.3871e-13,0.0,0.11754,40.143,1178.5,-0.0016596,-19.443,1.0,0.0,0.99953,0.0,0.41611,
244,-0.11813,0.125,0.0015538,2.8538,-0.11658,215.0,0.0013929,0.0014219,-1.8859e-08,948.23,0.375,-0.11813,676.71,0.00043375,0.0,1.2702e-12,0.0,0.13583,39.95,1111.1,-0.0015538,-19.507,1.0,0.0,0.99984,0.0,0.40594,
245,-0.11253,0.070312,0.0021898,2.6551,-0.11034,199.06,0.0013608,0.0013806,-6.4029e-09,869.31,0.44531,-0.11253,570.18,-0.00030011,0.0,8.3371e-12,0.0,0.12945,39.701,1109.5,-0.0021898,-19.496,1.0,0.0,0.99917,0.0,0.47337,
246,-0.12118,0.125,0.0014683,2.9797,-0.11971,203.94,0.0012923,0.0013041,7.2766e-09,990.3,0.375,-0.12118,742.6,-0.00010597,0.0,-2.3687e-12,0.0,0.13774,39.267,1138.9,-0.0014683,-18.868,1.0,0.0,0.99982,0.0,0.552,
247,-0.094674,0.14844,0.0018891,2.1803,-0.092785,174.31,0.0010781,0.0011009,5.6527e-09,743.71,0.5625,-0.094674,564.22,8.161e-05,0.0,6.5425e-12,0.0,0.10957,40.301,974.48,-0.0018891,-19.716,1.0,0.0,0.99919,0.0,0.52174,
248,-0.092093,0.11719,0.0011394,2.7843,-0.090954,199.62,0.0010489,0.0010652,1.0819e-08,904.84,0.57031,-0.092093,692.05,0.00012175,0.0,-6.6031e-13,0.0,0.10524,41.028,1187.3,-0.0011394,-20.479,1.0,0.0,0.99991,0.0,0.38194,
249,-0.13541,0.125,0.0018645,3.0496,-0.13354,205.75,0.0013548,0.0013667,-1.4988e-08,1052.8,0.41406,-0.13541,800.19,0.0001392,0.0,1.0995e-12,0.0,0.15484,39.302,1231.3,-0.0018645,-18.848,1.0,0.0,0.99949,0.0,0.48031,
250,-0.099736,0.070312,0.0014237,3.0585,-0.098312,219.62,0.0011287,0.0011478,-6.8417e-09,986.28,0.35938,-0.099736,821.78,-0.00010909,0.0,-4.8591e-12,0.0,0.11389,40.278,1078.6,-0.0014237,-19.573,1.0,0.0,0.9997,0.0,0.39884,0.05
251,-0.13499,0.125,0.0016135,2.8376,-0.13338,180.88,0.0013681,0.0013779,-2.4672e-09,953.97,0.44531,-0.13499,610.16,-6.4065e-05,0.0,2.4093e-12,0.0,0.15562,39.268,1230.0,-0.0016135,-19.014,1.0,0.0,0.99975,0.0,0.55215,
252,-0.11623,0.078125,0.001909,2.55,-0.11432,165.5,0.0012953,0.0012961,0.0,864.04,0.50781,-0.11623,671.82,-7.336e-05,0.0,1.4666e-11,0.0,0.13424,39.786,1062.4,-0.001909,-18.849,1.0,0.0,0.99939,0.0,0.58594,
253,-0.10243,0.10938,0.0015807,2.2494,-0.10085,177.81,0.0011968,0.001203,-3.3276e-09,751.0,0.66406,-0.10243,629.96,-3.6584e-05,0.0,-4.062e-12,0.0,0.11668,40.372,990.26,-0.0015807,-19.726,1.0,0.0,0.99962,0.0,0.89655,
254,-0.099767,0.039062,0.0017287,2.5101,-0.098039,211.0,0.0011732,0.0011794,4.9782e-08,862.34,0.58594,-0.099767,699.27,-0.0001946,0.0,-1.4298e-12,0.0,0.11376,39.982,1093.1,-0.0017287,-19.583,1.0,0.0,0.99944,0.0,0.5303,
255,-0.10506,0.11719,0.0013835,2.8437,-0.10367,188.94,0.0012033,0.001199,-1.5271e-08,948.08,0.51562,-0.10506,744.86,-0.00013949,0.0,4.9072e-12,0.0,0.11962,40.09,1164.4,-0.0013835,-19.145,1.0,0.0,0.99982,0.0,0.47651,
256,-0.094446,0.10938,0.0013794,2.6259,-0.093066,174.0,0.0010746,0.001172,-1.3367e-09,887.45,0.55469,-0.094446,675.87,-0.00024073,0.0,1.3054e-12,0.0,0.1091,40.312,1151.0,-0.0013794,-19.381,1.0,0.0,0.9997,0.0,0.44545,
257,-0.10791,0.125,0.0013986,2.2974,-0.10654,179.0,0.0012253,0.0012287,-1.5694e-09,786.66,0.48438,-0.1079,611.39,0.00010003,0.0,9.1959e-12,0.0,0.12344,39.747,951.3,-0.0013986,-19.141,0.99999,0.0,0.99983,0.0,0.51408,
258,-0.12268,0.078125,0.0019725,2.784,-0.12071,204.88,0.0011935,0.001197,1.5421e-08,946.97,0.41406,-0.12268,764.62,-0.00017976,0.0,0.0,0.0,0.14063,39.04,1075.8,-0.0019725,-18.444,1.0,0.0,0.99922,0.0,0.38261,
259,-0.12711,0.054688,0.0017217,2.3978,-0.12539,185.75,0.0012066,0.0012215,-3.0785e-09,805.31,0.53125,-0.12711,571.65,8.7765e-05,0.0,2.2548e-12,0.0,0.14578,39.276,1070.1,-0.0017217,-18.987,1.0,0.0,0.99948,0.0,0.32484,
260,-0.12922,0.10938,0.0017098,2.7146,-0.12751,203.12,0.0013108,0.0013141,-9.596e-09,898.8,0.35156,-0.12922,634.49,-9.1814e-05,0.0,-3.3468e-12,0.0,0.14901,38.814,1042.1,-0.0017098,-18.603,1.0,0.0,0.9996,0.0,0.56075,
261,-0.087229,0.0625,0.0013618,2.2168,-0.085867,173.5,0.0010351,0.0010471,-8.3038e-09,747.74,0.40625,-0.087229,582.77,0.00016687,0.0,-4.0546e-12,0.0,0.10053,40.739,860.62,-0.0013618,-19.822,1.0,0.0,0.99967,0.0,0.59843,
262,-0.099713,0.125,0.0012014,3.0313,-0.098512,224.5,0.00098312,0.00099842,-1.0437e-08,955.48,0.4375,-0.099713,760.29,-7.7232e-05,0.0,0.0,0.0,0.11599,39.51,1107.3,-0.0012014,-18.835,1.0,0.0,0.99978,0.0,0.48366,
263,-0.11671,0.10938,0.0014222,2.4699,-0.11529,204.69,0.0010815,0.0011155,9.9213e-09,853.52,0.64062,-0.11671,622.45,-0.00010482,0.0,-2.8707e-12,0.0,0.13388,39.198,1265.4,-0.0014222,-18.524,1.0,0.0,0.99966,0.0,0.5,
264,-0.13209,0.11719,0.0013905,2.4746,-0.1307,205.88,0.0011409,0.0011572,-1.5256e-08,830.99,0.50781,-0.13209,576.8,-0.00012499,0.0,-1.4898e-12,0.0,0.14946,38.523,1093.3,-0.0013905,-18.195,1.0,0.0,0.99975,0.0,0.68932,
265,-0.098304,0.054688,0.0011537,2.3851,-0.09715,170.69,0.0010029,0.0010233,1.7588e-08,780.68,0.55469,-0.098304,697.45,-0.00011176,0.0,9.9241e-12,0.0,0.11069,40.055,884.35,-0.0011537,-19.443,1.0,0.0,0.99985,0.0,0.64493,
266,-0.10417,0.085938,0.0012779,2.4661,-0.10289,197.81,0.0010366,0.0010559,3.1452e-09,842.14,0.55469,-0.10417,606.92,0.00013302,0.0,-5.7817e-12,0.0,0.11785,39.819,1135.1,-0.0012779,-19.256,1.0,0.0,0.99976,0.0,0.48077,
267,-0.138,0.125,0.0011825,2.922,-0.13682,196.94,0.0010996,0.0011177,-2.8783e-08,826.46,0.67188,-0.138,612.38,0.00035032,0.0,2.9588e-12,0.0,0.15838,38.549,1264.8,-0.0011825,-18.21,1.0,0.0,0.99992,0.0,0.47692,
268,-0.12602,0.078125,0.0013065,2.5148,-0.12472,231.31,0.0011354,0.001168,5.1168e-09,976.84,0.42188,-0.12602,732.61,0.00020782,0.0,2.4984e-12,0.0,0.14406,38.974,1155.1,-0.0013065,-18.395,1.0,0.0,0.99983,0.0,0.42647,
269,-0.12414,0.125,0.0010788,2.7587,-0.12306,189.38,0.0010762,0.0011005,1.1107e-08,919.23,0.45312,-0.12414,605.0,-0.00014205,0.0,-4.4662e-12,0.0,0.14157,39.183,1179.6,-0.0010788,-18.408,1.0,0.0,1.0,0.0,0.48462,
270,-0.12209,0.054688,0.0010839,2.7019,-0.12101,182.38,0.001125,0.0011436,9.4678e-09,887.47,0.48438,-0.12209,640.4,-0.00011487,0.0,0.0,0.0,0.13791,39.321,1119.6,-0.0010839,-18.34,1.0,0.0,1.0,0.0,0.53125,
271,-0.13535,0.125,0.0011871,2.6006,-0.13417,196.81,0.0012037,0.0012273,-1.3924e-08,881.73,0.46094,-0.13535,614.88,-0.00045362,0.0,6.1189e-12,0.0,0.1525,38.495,1109.9,-0.0011871,-18.379,1.0,0.0,1.0,0.0,0.3301,
272,-0.11356,0.070312,0.0007079,2.7881,-0.11285,222.56,0.0011183,0.001152,-9.3058e-09,939.94,0.57812,-0.11356,793.42,2.3883e-05,0.0,0.0,0.0,0.12793,39.07,1140.7,-0.0007079,-18.542,1.0,0.0,1.0004,0.0,0.35556,
273,-0.12733,0.10156,0.0010336,2.562,-0.12629,208.5,0.0012006,0.0012293,2.4205e-09,996.51,0.29688,-0.12733,798.61,-9.6349e-05,0.0,-1.1819e-12,0.0,0.14155,39.01,1080.1,-0.0010336,-18.326,1.0,0.0,1.0002,0.0,0.54444,
274,-0.14218,0.1875,0.0015702,2.8495,-0.14061,190.0,0.0014585,0.001535,-1.1112e-08,940.95,0.32031,-0.14218,623.22,-0.00029962,0.0,1.2402e-12,0.0,0.15931,38.906,1090.7,-0.0015702,-18.512,1.0,0.0,0.99989,0.0,0.50526,
275,-0.087939,0.0625,0.00039748,2.1783,-0.087542,206.12,0.00097788,0.00099056,9.2009e-09,724.38,0.74219,-0.087939,627.59,-0.00020667,0.0,2.6956e-12,0.0,0.0984,40.459,1003.0,-0.00039748,-20.038,1.0,0.0,1.0006,0.0,0.49624,
276,-0.11586,0.085938,0.0010978,2.959,-0.11476,181.88,0.0010997,0.001124,1.4036e-08,965.38,0.39844,-0.11586,805.27,-0.00034407,0.0,4.7547e-12,0.0,0.12964,39.36,1071.4,-0.0010978,-18.7,1.0,0.0,1.0,0.0,0.48905,
277,-0.11865,0.023438,0.0010709,2.5122,-0.11758,184.5,0.0012046,0.001259,-8.5591e-09,853.03,0.52344,-0.11865,671.52,2.2362e-05,0.0,6.2689e-12,0.0,0.1339,39.31,1052.4,-0.0010709,-18.843,1.0,0.0,1.0001,0.0,0.51304,
278,-0.13333,0.125,0.0010251,2.3545,-0.13231,214.88,0.0012748,0.0013085,3.1792e-09,814.82,0.48438,-0.13333,614.03,-0.00015834,0.0,3.1047e-12,0.0,0.15181,38.67,1003.4,-0.0010251,-18.53,1.0,0.0,1.0002,0.0,0.59524,
279,-0.09971,0.085938,0.0010384,2.6627,-0.098671,197.69,0.0011394,0.001173,2.5405e-08,873.4,0.49219,-0.09971,650.13,-5.4884e-05,0.0,-1.3094e-11,0.0,0.11032,39.98,1089.8,-0.0010384,-19.007,1.0,0.0,1.0001,0.0,0.48182,
280,-0.097254,0.054688,0.0010277,2.6782,-0.096226,201.69,0.0010181,0.0010349,9.2464e-09,897.88,0.625,-0.097254,722.05,0.00014163,0.0,2.6755e-12,0.0,0.10946,40.557,1190.9,-0.0010277,-19.424,1.0,0.0,0.99999,0.0,0.48125,
281,-0.10943,0.10938,0.00096745,2.8618,-0.10846,189.12,0.0010919,0.0011076,1.2305e-08,964.17,0.375,-0.10943,682.69,-0.00013165,0.0,-6.0082e-12,0.0,0.12355,40.355,1133.1,-0.00096745,-19.094,1.0,0.0,1.0001,0.0,0.54967,
282,-0.12348,0.085938,0.0016409,2.446,-0.12184,187.62,0.0011605,0.0011644,-1.2574e-08,832.3,0.5625,-0.12348,641.29,-0.0002056,0.0,2.8893e-12,0.0,0.1406,39.565,1077.9,-0.0016409,-19.0,1.0,0.0,0.99952,0.0,0.69474,
283,-0.12847,0.078125,0.0010414,2.5299,-0.12743,231.38,0.0011918,0.0011857,6.5447e-09,814.24,0.6875,-0.12847,716.58,-0.00025358,0.0,7.9891e-12,0.0,0.14669,38.958,1029.1,-0.0010414,-19.209,1.0,0.0,1.0002,0.0,0.5514,
284,-0.11649,0.085938,0.0013584,2.7494,-0.11513,233.44,0.0011393,0.0011549,6.7459e-09,904.95,0.54688,-0.11649,716.11,0.00013159,0.0,3.4672e-12,0.0,0.13248,39.349,1132.9,-0.0013584,-18.627,1.0,0.0,0.99978,0.0,0.5,
285,-0.13734,0.125,0.0013031,2.9031,-0.13605,191.31,0.0012936,0.0013096,-2.4777e-09,961.13,0.5,-0.13734,730.78,0.00026451,0.0,4.8392e-12,0.0,0.15549,38.568,1191.5,-0.0013031,-18.292,0.99999,0.0,0.99999,0.0,0.58824,
286,-0.12666,0.125,0.0014521,2.6709,-0.12521,202.5,0.0012224,0.0012758,-9.5436e-09,902.0,0.49219,-0.12666,661.08,-0.00025098,0.0,-5.3256e-12,0.0,0.14395,39.237,1135.5,-0.0014521,-18.636,1.0,0.0,0.99977,0.0,0.62281,
287,-0.12841,0.09375,0.0010523,2.6022,-0.12736,191.38,0.0012095,0.0012203,4.3889e-09,843.25,0.64844,-0.12841,671.82,-8.1902e-05,0.0,8.5721e-12,0.0,0.14628,38.757,1159.4,-0.0010523,-18.474,1.0,0.0,1.0002,0.0,0.52941,
288,-0.11201,0.078125,0.0011091,2.6663,-0.1109,203.31,0.0011783,0.0011965,1.076e-08,912.34,0.5625,-0.11201,672.74,0.00024313,0.0,-1.3135e-12,0.0,0.12681,39.5,1220.4,-0.0011091,-18.677,1.0,0.0,1.0001,0.0,0.48175,
289,-0.14442,0.125,0.0014434,2.8659,-0.14297,204.62,0.0013218,0.0013734,1.2498e-08,967.7,0.46094,-0.14442,692.63,-0.00014381,0.0,2.441e-12,0.0,0.16604,38.935,1202.9,-0.0014434,-18.657,1.0,0.0,0.99988,0.0,0.56522,
290,-0.13229,0.11719,0.0014134,2.7646,-0.13087,216.31,0.0012515,0.001276,9.8974e-09,938.98,0.53125,-0.13229,694.1,-0.00026265,0.0,-9.021e-12,0.0,0.14854,39.056,1216.5,-0.0014134,-18.357,1.0,0.0,0.99984,0.0,0.68421,
291,-0.10142,0.054688,0.0010784,2.527,-0.10034,170.44,0.0010028,0.0010251,3.2044e-09,840.06,0.71094,-0.10142,765.29,5.7861e-05,0.0,0.0,0.0,0.11471,40.223,1024.0,-0.0010784,-19.046,1.0,0.0,0.99992,0.0,0.4966,
292,-0.11565,0.10156,0.0010099,2.9825,-0.11464,238.62,0.0011634,0.0011821,-1.2762e-08,985.93,0.51562,-0.11565,740.21,7.9659e-05,0.0,-2.4925e-12,0.0,0.12997,39.368,1247.5,-0.0010099,-18.826,1.0,0.0,1.0002,0.0,0.62602,
293,-0.13224,0.046875,0.0019678,2.5105,-0.13027,208.81,0.001268,0.0012881,-6.3331e-09,848.8,0.5625,-0.13224,655.68,-2.7912e-05,0.0,-7.276e-12,0.0,0.15111,38.873,1097.1,-0.0019678,-18.618,1.0,0.0,0.9993,0.0,0.51563,
294,-0.11613,0.10938,0.0015677,2.7762,-0.11456,243.25,0.00124,0.0012581,1.8367e-08,944.22,0.57031,-0.11613,680.62,0.00011214,0.0,-1.3286e-12,0.0,0.13179,39.298,1294.1,-0.0015677,-18.455,1.0,0.0,0.99967,0.0,0.44755,
295,-0.12155,0.11719,0.0012056,2.5932,-0.12034,182.19,0.0012275,0.0012504,-1.2082e-08,853.11,0.52344,-0.12155,660.37,4.6265e-05,0.0,4.1644e-12,0.0,0.13789,39.366,1064.8,-0.0012056,-18.757,1.0,0.0,1.0,0.0,0.40187,
296,-0.12196,0.03125,0.0013698,2.7001,-0.12059,214.38,0.0012426,0.0013046,-1.3172e-08,865.98,0.50781,-0.12196,675.14,0.00023753,0.0,6.4317e-12,0.0,0.13872,39.2,1062.9,-0.0013698,-18.089,1.0,0.0,0.99987,0.0,0.47154,
297,-0.13361,0.11719,0.0011726,2.7017,-0.13243,216.5,0.0011869,0.0011984,-8.654e-09,877.7,0.3125,-0.13361,577.53,0.00017979,0.0,-7.0426e-13,0.0,0.15229,38.689,1014.1,-0.0011726,-18.238,1.0,0.0,1.0,0.0,0.43312,
298,-0.12327,0.10938,0.0013353,2.5252,-0.12193,182.31,0.0011975,0.0012038,-2.0034e-08,848.75,0.46875,-0.12327,568.65,-7.9554e-05,0.0,0.0,0.0,0.13942,39.631,1095.9,-0.0013353,-18.93,1.0,0.0,0.99986,0.0,0.38136,
299,-0.11879,0.125,0.0015341,2.2908,-0.11726,175.25,0.0011598,0.0011798,0.0,769.08,0.53125,-0.11879,683.22,0.00016279,0.0,3.1367e-12,0.0,0.13444,39.365,866.38,-0.0015341,-18.692,1.0,0.0,0.99963,0.0,0.62319,
300,-0.12947,0.0625,0.0012728,2.4764,-0.1282,218.81,0.0012313,0.0012424,9.4926e-09,821.6,0.32812,-0.12947,591.71,1.0942e-05,0.0,3.8626e-12,0.0,0.14967,38.199,933.87,-0.0012728,-17.719,1.0,0.0,0.99996,0.0,0.61682,0.066667
