step,timeperf/load_bcast,sft-eval/n_valid_tokens,sft/grad_norm,sft/prompt_tokens,timeperf/train_step,sft-eval/ppl/avg,sft/loss/avg,sft/update_successful,timeperf/save,sft-eval/ppl/max,sft/loss/max,sft/vocab_max_logits/avg,timeperf/checkpoint_for_recover,sft-eval/ppl/min,sft/loss/min,sft/vocab_max_logits/max,timeperf/eval,sft-eval/prompt_tokens,sft/lr,sft/vocab_max_logits/min,timeperf/clear_batches,sft-eval/vocab_max_logits/avg,sft/n_seqs,sft/vocab_min_logits/avg,sft-eval/loss/avg,sft-eval/vocab_max_logits/max,sft/n_tokens,sft/vocab_min_logits/max,sft-eval/loss/max,sft-eval/vocab_max_logits/min,sft/n_valid_tokens,sft/vocab_min_logits/min,sft-eval/loss/min,sft-eval/vocab_min_logits/avg,sft/ppl/avg,sft-eval/n_seqs,sft-eval/vocab_min_logits/max,sft/ppl/max,sft-eval/n_tokens,sft-eval/vocab_min_logits/min,sft/ppl/min
1,0.17712,28481.0,13.831,4603.0,2.1091,2.3448,0.77102,1.0,0.18606,6.6524,31.382,24.751,0.00045254,1.4405,-0.0,42.5,0.4982,17967.0,0.0,6.5938,0.00033772,24.886,32.0,-14.534,0.7934,42.0,11424.0,-7.1562,33.589,6.5938,6821.0,-38.0,-0.0,-14.736,2.2054,126.0,-7.0312,3.5635,46448.0,-37.75,1.4683
2,0.018646,,13.452,4745.0,0.30873,,0.8482,1.0,0.00047288,,31.852,24.677,0.00019644,,-0.0,43.5,0.00012079,,1.1321e-07,6.5938,0.00029097,,32.0,-14.551,,,11899.0,-7.2188,,,7154.0,-38.25,,,2.4083,,,5.1334,,,1.6673
3,0.0012524,,15.714,4659.0,0.12145,,0.79843,1.0,0.00025624,,30.04,24.463,6.1853e-05,,-0.0,41.75,3.998e-05,,2.2642e-07,6.5938,0.00024467,,32.0,-14.47,,,10117.0,-7.1562,,,5458.0,-37.5,,,2.2854,,,3.5112,,,1.6733
4,0.001091,,11.958,5074.0,0.13065,,0.77833,1.0,0.00014646,,25.821,24.701,5.1768e-05,,-0.0,41.75,3.6425e-05,,3.3962e-07,6.625,0.00022516,,32.0,-14.45,,,12774.0,-7.0625,,,7700.0,-38.5,,,2.2287,,,4.1145,,,1.3766
5,0.0010292,,14.266,5300.0,0.12186,,0.80275,1.0,0.00016979,,30.884,24.898,6.4197e-05,,-0.0,41.75,4.5088e-05,,4.5283e-07,6.5625,0.00022685,,32.0,-14.676,,,12735.0,-7.2188,,,7435.0,-37.75,,,2.2772,,,3.3549,,,1.5823
6,0.013253,,13.385,4783.0,0.11999,,0.75284,1.0,0.00025339,,29.069,25.039,6.1342e-05,,-0.0,41.75,3.8848e-05,,5.6604e-07,6.5625,0.00026538,,32.0,-14.914,,,12112.0,-7.3438,,,7329.0,-37.25,,,2.404,,,4.5484,,,1.3205
7,0.0010394,,14.694,6047.0,0.12451,,0.79939,1.0,0.0001283,,31.725,25.04,6.656e-05,,-0.0,41.75,3.5714e-05,,6.7925e-07,6.5938,0.00022741,,32.0,-14.718,,,12092.0,-7.4375,,,6045.0,-37.75,,,2.3646,,,4.0559,,,1.5826
8,0.00094926,,12.547,5022.0,0.13113,,0.80967,1.0,0.00016915,,26.569,24.862,5.8408e-05,,-0.0,42.0,3.6755e-05,,7.9245e-07,6.5625,0.00024096,,32.0,-14.768,,,13295.0,-7.3438,,,8273.0,-37.75,,,2.358,,,4.2087,,,1.4821
9,0.0067344,,13.792,4822.0,0.11877,,0.74547,1.0,0.00010932,,30.54,25.1,5.7176e-05,,-0.0,41.75,3.308e-05,,9.0566e-07,6.625,0.00021325,,32.0,-14.719,,,12388.0,-7.4062,,,7566.0,-37.5,,,2.1912,,,3.1651,,,1.563
10,0.0097917,,14.086,4520.0,0.11319,,0.71728,1.0,0.00012375,,30.04,24.741,5.1247e-05,,-0.0,41.5,3.2058e-05,,1.0189e-06,6.5938,0.00021975,,32.0,-14.795,,,10050.0,-7.1875,,,5530.0,-37.75,,,2.2911,,,4.1506,,,1.3782
11,0.0067474,,12.55,4781.0,0.11267,,0.69553,1.0,0.00010969,,28.79,24.662,5.0526e-05,,-0.0,42.0,3.1577e-05,,1.1321e-06,6.5938,0.00022049,,32.0,-14.654,,,10962.0,-7.4375,,,6181.0,-37.25,,,2.1547,,,4.5535,,,1.5013
12,0.0067851,,12.8,5846.0,0.11677,,0.76755,1.0,0.00012608,,30.166,24.366,4.1983e-05,,-0.0,42.25,3.277e-05,,1.2453e-06,6.6562,0.00021113,,32.0,-14.582,,,11882.0,-7.1562,,,6036.0,-37.5,,,2.2193,,,4.1715,,,1.3254
13,0.0065127,,11.556,5028.0,0.11758,,0.78381,1.0,0.00012186,,30.01,24.703,4.6681e-05,,-0.0,42.0,3.1668e-05,,1.3585e-06,6.6562,0.00021696,,32.0,-14.72,,,12285.0,-7.4375,,,7257.0,-37.75,,,2.3034,,,4.6995,,,1.3534
14,0.0096719,,10.708,4536.0,0.11669,,0.68854,1.0,0.00014177,,22.902,24.932,4.627e-05,,-0.0,42.25,3.1497e-05,,1.4717e-06,6.625,0.00022615,,32.0,-14.675,,,12214.0,-7.1562,,,7678.0,-37.25,,,2.051,,,3.7981,,,1.3079
15,0.0065671,,10.827,5224.0,0.11812,,0.70876,1.0,0.00038113,,24.749,24.316,8.5299e-05,,-0.0,41.75,4.4628e-05,,1.5849e-06,6.5938,0.00027871,,32.0,-14.048,,,12437.0,-7.375,,,7213.0,-37.25,,,2.0951,,,3.6417,,,1.3909
16,0.012867,,9.9042,5971.0,0.16671,,0.73526,1.0,0.00020234,,28.392,24.66,6.3556e-05,,-0.0,42.25,4.8212e-05,,1.6981e-06,6.5938,0.00024966,,32.0,-14.363,,,16080.0,-7.1875,,,10109.0,-37.0,,,2.173,,,4.4923,,,1.4274
17,0.011948,,9.3021,4995.0,0.11625,,0.65779,1.0,0.00010355,,20.795,24.315,5.1447e-05,,-0.0,41.75,3.6425e-05,,1.8113e-06,6.5938,0.00021251,,32.0,-14.03,,,11830.0,-7.3125,,,6835.0,-37.25,,,2.0179,,,4.1311,,,1.3459
18,0.014015,,8.1411,4725.0,0.12644,,0.63934,1.0,0.00026074,,19.485,24.654,6.2354e-05,,-0.0,41.75,3.7267e-05,,1.9245e-06,6.625,0.00022198,,32.0,-14.229,,,13524.0,-7.0312,,,8799.0,-37.5,,,1.8744,,,2.7277,,,1.1932
19,0.011798,,7.0113,5119.0,0.11167,,0.58376,1.0,0.00010738,,13.479,23.78,5.1698e-05,,-0.0,40.0,3.5443e-05,,2.0377e-06,6.5625,0.00020857,,32.0,-13.626,,,11177.0,-7.375,,,6058.0,-36.5,,,1.8068,,,3.1349,,,1.2918
20,0.0063921,,6.7032,5339.0,0.11571,,0.55396,1.0,9.6095e-05,,17.813,23.642,5.5183e-05,,-0.0,40.5,3.5994e-05,,2.1509e-06,6.4375,0.00021275,,32.0,-13.362,,,12072.0,-6.9062,,,6733.0,-37.25,,,1.7387,,,2.3171,,,1.2901
21,0.011315,,5.5104,4902.0,0.11723,,0.52384,1.0,0.00013296,,22.097,23.921,4.3165e-05,,-0.0,40.75,3.4341e-05,,2.2642e-06,6.625,0.0002125,,32.0,-13.761,,,12581.0,-6.9375,,,7679.0,-37.5,,,1.6742,,,2.5975,,,1.2755
22,0.011202,,6.6764,4828.0,0.10798,,0.60045,1.0,0.00010043,,23.252,23.369,4.5008e-05,,-0.0,39.5,3.2619e-05,,2.3774e-06,6.5938,0.00020782,,32.0,-13.258,,,10609.0,-7.375,,,5781.0,-37.25,,,1.7813,,,3.3828,,,1.2285
23,0.011457,,5.3103,4906.0,0.11817,,0.50518,1.0,0.00030401,,17.752,23.813,6.3025e-05,,-0.0,39.75,4.0321e-05,,2.4906e-06,6.4375,0.00026187,,32.0,-13.593,,,11886.0,-6.5,,,6980.0,-38.25,,,1.7136,,,2.6642,,,1.3407
24,0.012505,,5.8851,5439.0,0.11698,,0.62094,1.0,0.00013535,,13.997,23.196,5.0806e-05,,1.1921e-07,39.0,3.8778e-05,,2.6038e-06,6.4688,0.00025502,,32.0,-13.078,,,12221.0,-7.0,,,6782.0,-37.5,,,1.8337,,,4.2284,,,1.3026
25,0.01209,,4.9291,4851.0,0.10824,,0.50991,1.0,0.00010637,,13.464,22.968,4.669e-05,,-0.0,39.0,3.6194e-05,,2.717e-06,6.4688,0.00021586,,32.0,-12.958,,,10162.0,-6.7812,,,5311.0,-37.75,,,1.6342,,,2.6903,,,1.3258
26,0.011298,,4.3082,4466.0,0.11178,,0.51554,1.0,9.2389e-05,,14.001,22.794,5.0796e-05,,-0.0,37.5,3.302e-05,,2.8302e-06,6.5,0.00022243,,32.0,-12.827,,,11030.0,-7.0,,,6564.0,-37.75,,,1.6384,,,3.4671,,,1.2504
27,0.010447,,4.3795,4641.0,0.10917,,0.53703,1.0,0.00012102,,15.338,22.257,4.5258e-05,,1.1921e-07,37.0,3.4232e-05,,2.9434e-06,6.5938,0.00024978,,32.0,-12.615,,,10319.0,-7.1875,,,5678.0,-37.75,,,1.7355,,,2.6886,,,1.2345
28,0.012511,,3.8456,4995.0,0.1145,,0.41923,1.0,0.00022279,,15.363,22.525,5.7557e-05,,-0.0,39.0,3.8588e-05,,3.0566e-06,6.625,0.00022673,,32.0,-12.731,,,11471.0,-6.7188,,,6476.0,-37.5,,,1.5655,,,2.2879,,,1.1884
29,0.01004,,4.1065,4829.0,0.10862,,0.44321,1.0,0.00011865,,22.115,22.173,4.6641e-05,,-0.0,38.75,3.346e-05,,3.1698e-06,6.5312,0.00021404,,32.0,-12.56,,,10327.0,-6.9062,,,5498.0,-37.75,,,1.6085,,,3.6333,,,1.1431
30,0.010026,,3.3647,4391.0,0.11648,,0.40155,1.0,0.00014948,,12.087,22.321,5.1568e-05,,-0.0,38.0,3.8788e-05,,3.283e-06,6.5312,0.0002565,,32.0,-12.525,,,11877.0,-6.5938,,,7486.0,-37.25,,,1.4862,,,2.5624,,,1.1882
31,0.010145,,3.4977,4717.0,0.10967,,0.41396,1.0,0.00011856,,14.239,22.179,4.615e-05,,1.1921e-07,38.25,3.5453e-05,,3.3962e-06,6.5938,0.0002372,,32.0,-12.48,,,10930.0,-6.4688,,,6213.0,-37.25,,,1.5668,,,2.5921,,,1.1098
32,0.0072239,,3.1349,4350.0,0.10944,,0.3748,1.0,9.8168e-05,,10.6,21.88,4.3014e-05,,-0.0,40.5,4.1803e-05,,3.5094e-06,6.625,0.00021808,,32.0,-12.273,,,10091.0,-6.5625,,,5741.0,-37.25,,,1.4635,,,2.4934,,,1.2596
33,0.011597,,3.3081,5242.0,0.11747,,0.42064,1.0,0.00011065,,14.501,22.048,4.3977e-05,,-0.0,39.0,3.3731e-05,,3.6226e-06,6.5625,0.00021129,,32.0,-12.35,,,12828.0,-6.7188,,,7586.0,-37.25,,,1.5716,,,3.1411,,,1.222
34,0.0075069,,3.3996,4798.0,0.11657,,0.45499,1.0,0.00016669,,20.733,21.633,5.4011e-05,,-0.0,38.5,3.8668e-05,,3.7358e-06,6.5938,0.00024918,,32.0,-12.365,,,10979.0,-6.6875,,,6181.0,-37.25,,,1.5733,,,2.0536,,,1.1787
35,0.0099366,,2.9032,4686.0,0.11821,,0.43853,1.0,0.00020841,,21.114,21.842,6.2284e-05,,-0.0,39.0,3.6736e-05,,3.8491e-06,6.5938,0.00023909,,32.0,-12.438,,,12289.0,-6.2812,,,7603.0,-37.0,,,1.6007,,,2.9616,,,1.1373
36,0.012258,,3.2671,4354.0,0.22098,,0.51484,1.0,0.00011795,,14.087,21.955,5.5944e-05,,3.5763e-07,38.75,3.4803e-05,,3.9623e-06,6.625,0.00021454,,32.0,-12.278,,,12620.0,-6.6562,,,8266.0,-37.0,,,1.5398,,,2.0288,,,1.2704
37,0.010132,,2.7181,4640.0,0.1174,,0.39739,1.0,0.00012897,,10.971,21.8,0.00019462,,-0.0,40.0,5.5844e-05,,4.0755e-06,6.625,0.00036369,,32.0,-12.708,,,12286.0,-6.625,,,7646.0,-36.75,,,1.5274,,,2.2686,,,1.1217
38,0.0069861,,3.0352,5102.0,0.11688,,0.45503,1.0,0.00011599,,11.44,21.502,5.5404e-05,,3.5763e-07,36.5,3.4913e-05,,4.1887e-06,6.625,0.00023074,,32.0,-12.364,,,12330.0,-5.875,,,7228.0,-36.75,,,1.5399,,,2.3645,,,1.1531
39,0.010165,,3.1709,4965.0,0.10894,,0.41492,1.0,0.00014006,,11.133,21.312,5.0476e-05,,-0.0,36.75,3.8288e-05,,4.3019e-06,6.625,0.00024599,,32.0,-12.396,,,10391.0,-6.5938,,,5426.0,-37.0,,,1.5455,,,3.0168,,,1.1195
40,0.011362,,2.8839,5153.0,0.11294,,0.38548,1.0,0.00013139,,12.921,21.543,5.5614e-05,,-0.0,40.0,3.6866e-05,,4.4151e-06,6.625,0.00024683,,32.0,-12.391,,,11980.0,-5.8438,,,6827.0,-37.25,,,1.476,,,2.0945,,,1.1355
41,0.0074324,,3.1101,4372.0,0.11316,,0.46458,1.0,0.00010246,,12.643,21.294,5.2779e-05,,-0.0,38.0,3.5854e-05,,4.5283e-06,6.5938,0.00025318,,32.0,-12.416,,,11108.0,-6.5625,,,6736.0,-37.0,,,1.5571,,,2.3734,,,1.1863
42,0.0076244,,2.7141,4834.0,0.11768,,0.40921,1.0,9.6896e-05,,14.876,21.534,5.1347e-05,,-0.0,39.0,7.7256e-05,,4.6415e-06,6.5938,0.00024433,,32.0,-12.495,,,12476.0,-6.5,,,7642.0,-37.0,,,1.5162,,,2.0858,,,1.1512
43,0.0071672,,3.4861,5069.0,0.11,,0.42543,1.0,0.00020485,,13.566,21.012,6.7772e-05,,-0.0,40.5,3.8077e-05,,4.7547e-06,6.5938,0.00023131,,32.0,-12.339,,,10587.0,-6.4375,,,5518.0,-37.0,,,1.5769,,,2.8741,,,1.1111
44,0.011499,,2.7946,5048.0,0.11872,,0.39513,1.0,0.00013242,,14.786,21.593,5.3521e-05,,-0.0,39.5,3.5354e-05,,4.8679e-06,6.6562,0.00022404,,32.0,-12.611,,,12584.0,-6.3125,,,7536.0,-37.0,,,1.5146,,,2.3731,,,1.174
45,0.0066357,,3.106,4626.0,0.11227,,0.37616,1.0,9.9891e-05,,11.789,21.213,4.9395e-05,,1.1921e-07,36.5,3.4182e-05,,4.9811e-06,6.625,0.0002105,,32.0,-12.539,,,10895.0,-6.25,,,6269.0,-37.0,,,1.4076,,,1.8514,,,1.1641
46,0.0063719,,3.1033,4295.0,0.10826,,0.48935,1.0,0.00014636,,12.5,21.069,5.7517e-05,,-0.0,37.25,3.8849e-05,,5.0943e-06,6.5,0.00025297,,32.0,-12.318,,,10601.0,-6.25,,,6306.0,-36.75,,,1.6106,,,2.6738,,,1.1792
47,0.007388,,2.602,5348.0,0.12221,,0.47517,1.0,0.00023368,,13.334,21.333,7.1938e-05,,2.3842e-07,36.5,3.9439e-05,,5.2075e-06,6.4688,0.00024999,,32.0,-12.563,,,14139.0,-6.125,,,8791.0,-36.75,,,1.6337,,,2.5163,,,1.1196
48,0.012354,,2.683,4699.0,0.1153,,0.37202,1.0,0.00011998,,11.59,21.44,5.3351e-05,,-0.0,38.0,3.6635e-05,,5.3208e-06,6.4688,0.00022769,,32.0,-12.716,,,11276.0,-6.1562,,,6577.0,-36.5,,,1.4625,,,2.277,,,1.0487
49,0.006694,,2.7228,5161.0,0.12587,,0.45974,1.0,0.00010286,,13.988,21.458,4.9634e-05,,-0.0,39.25,3.4101e-05,,5.434e-06,6.4688,0.00021904,,32.0,-12.536,,,14182.0,-6.1875,,,9021.0,-36.5,,,1.5279,,,2.0829,,,1.1476
50,0.006984,28481.0,2.7012,4979.0,0.12004,1.5564,0.45582,1.0,5.7188,3.1312,11.094,21.482,0.00021973,1.0831,1.1921e-07,36.5,0.45405,17967.0,5.5472e-06,6.4688,0.00039437,21.519,32.0,-12.725,0.42512,38.25,13050.0,-6.2812,16.501,6.5,8071.0,-36.5,-0.0,-12.677,1.5861,126.0,-6.2188,2.8644,46448.0,-36.5,1.194
51,0.010118,,3.2512,4845.0,0.11328,,0.38744,1.0,0.00044652,,12.438,21.304,0.0001423,,-0.0,38.5,9.1708e-05,,5.6604e-06,6.5,0.00023958,,32.0,-12.519,,,10683.0,-6.2188,,,5838.0,-36.5,,,1.4613,,,2.346,,,1.0977
52,0.010386,,2.5484,4921.0,0.11892,,0.41672,1.0,0.00018026,,12.511,21.696,4.9464e-05,,-0.0,38.0,3.8518e-05,,5.7736e-06,6.4688,0.00022336,,32.0,-12.748,,,13332.0,-6.25,,,8411.0,-36.5,,,1.5551,,,3.6266,,,1.1577
53,0.006791,,2.6059,4887.0,0.11631,,0.38779,1.0,0.00042978,,13.299,21.527,7.1237e-05,,-0.0,38.0,4.669e-05,,5.8868e-06,6.4375,0.00039815,,32.0,-12.542,,,12207.0,-6.2188,,,7320.0,-36.5,,,1.5128,,,2.3261,,,1.2183
54,0.0080251,,3.0265,4777.0,0.1129,,0.41913,1.0,0.00018133,,10.397,21.552,5.4552e-05,,1.1921e-07,38.75,3.4162e-05,,6e-06,6.4688,0.00025631,,32.0,-12.788,,,11589.0,-6.125,,,6812.0,-36.25,,,1.4945,,,1.8497,,,1.1425
55,0.0074609,,3.0698,4862.0,0.1223,,0.52614,1.0,0.00012817,,17.5,21.574,4.9755e-05,,-0.0,41.0,2.9585e-05,,6e-06,6.4688,0.00021442,,32.0,-12.742,,,12761.0,-6.1875,,,7899.0,-36.5,,,1.524,,,3.2343,,,1.1013
56,0.011872,,2.8017,4941.0,0.11211,,0.43672,1.0,0.00011374,,12.991,21.528,5.0196e-05,,1.1921e-07,37.75,2.6891e-05,,6e-06,6.4688,0.00020972,,32.0,-12.78,,,11501.0,-6.1875,,,6560.0,-36.75,,,1.5572,,,2.6702,,,1.1606
57,0.0066798,,2.849,6135.0,0.11799,,0.41712,1.0,0.00012084,,11.944,21.688,3.8148e-05,,-0.0,40.75,2.5599e-05,,6e-06,6.4688,0.00020509,,32.0,-12.698,,,12531.0,-6.125,,,6396.0,-36.5,,,1.5064,,,2.3574,,,1.1679
58,0.0065362,,2.8239,5049.0,0.11264,,0.37327,1.0,0.00010101,,11.063,21.476,4.9104e-05,,-0.0,36.25,2.5419e-05,,5.9999e-06,6.4688,0.0002107,,32.0,-12.618,,,11690.0,-6.1562,,,6641.0,-36.5,,,1.4893,,,2.0488,,,1.143
59,0.0067464,,2.5524,4682.0,0.11659,,0.38215,1.0,0.0001445,,17.091,21.861,3.7436e-05,,-0.0,36.5,2.5098e-05,,5.9999e-06,6.4688,0.00021687,,32.0,-12.919,,,12452.0,-6.2188,,,7770.0,-36.5,,,1.4822,,,2.5344,,,1.1238
60,0.0078691,,2.6119,5267.0,0.12198,,0.46513,1.0,0.00019869,,12.167,21.693,5.4522e-05,,-0.0,37.25,4.2934e-05,,5.9998e-06,6.4688,0.00023941,,32.0,-12.79,,,13475.0,-6.2188,,,8208.0,-36.75,,,1.5797,,,2.2864,,,1.1979
61,0.0075065,,2.6316,4666.0,0.11691,,0.42442,1.0,0.00014941,,12.468,21.841,5.7387e-05,,1.1921e-07,39.75,3.9169e-05,,5.9997e-06,6.4375,0.00025052,,32.0,-12.868,,,12592.0,-6.1875,,,7926.0,-37.0,,,1.5422,,,3.1146,,,1.067
62,0.0074705,,2.302,5909.0,0.12475,,0.35335,1.0,0.00011321,,11.574,21.831,4.8633e-05,,-0.0,37.75,3.7216e-05,,5.9997e-06,6.4375,0.00021604,,32.0,-12.816,,,13994.0,-6.0938,,,8085.0,-37.0,,,1.4618,,,2.605,,,1.0772
63,0.0072023,,2.9747,5321.0,0.11438,,0.51794,1.0,0.00011965,,14.637,21.289,4.7671e-05,,2.3842e-07,39.5,3.6094e-05,,5.9996e-06,6.4375,0.00021908,,32.0,-12.648,,,12251.0,-6.25,,,6930.0,-37.0,,,1.6384,,,2.6299,,,1.1565
64,0.006688,,2.283,5120.0,0.1196,,0.34573,1.0,0.00012429,,19.745,22.194,7.8859e-05,,-0.0,38.0,3.4422e-05,,5.9995e-06,6.4375,0.00025224,,32.0,-13.264,,,13531.0,-6.2188,,,8411.0,-37.0,,,1.4996,,,2.6281,,,1.0594
65,0.0075776,,2.7923,4371.0,0.11196,,0.40414,1.0,0.00012564,,9.7887,21.483,5.2419e-05,,1.1921e-07,38.25,2.9445e-05,,5.9994e-06,6.3438,0.00021334,,32.0,-13.021,,,10555.0,-6.2188,,,6184.0,-37.0,,,1.4926,,,2.4919,,,1.1536
66,0.0068704,,2.5762,6029.0,0.11955,,0.37766,1.0,0.00011181,,12.071,21.848,4.5319e-05,,-0.0,37.75,2.8393e-05,,5.9992e-06,6.3438,0.00020767,,32.0,-12.923,,,13325.0,-6.2188,,,7296.0,-37.25,,,1.4841,,,2.0144,,,1.155
67,0.0067026,,3.2131,4330.0,0.10427,,0.39896,1.0,0.00010118,,25.965,21.265,4.3666e-05,,-0.0,43.0,2.8683e-05,,5.9991e-06,6.4375,0.00020243,,32.0,-12.691,,,9407.0,-6.3125,,,5077.0,-37.25,,,1.452,,,2.9498,,,1.0891
68,0.0067058,,2.6525,4834.0,0.11562,,0.3632,1.0,0.0029262,,15.885,21.631,0.00020346,,-0.0,38.25,7.2629e-05,,5.999e-06,6.4375,0.00031971,,32.0,-12.743,,,10950.0,-6.375,,,6116.0,-37.25,,,1.4377,,,2.2629,,,1.1691
69,0.0077055,,2.2813,4951.0,0.12523,,0.41301,1.0,0.00014041,,12.329,22.099,5.2159e-05,,-0.0,40.25,3.6616e-05,,5.9988e-06,6.375,0.00021171,,32.0,-13.111,,,14182.0,-6.3125,,,9231.0,-37.5,,,1.4906,,,2.3748,,,1.1397
70,0.0070473,,2.4817,4779.0,0.11401,,0.37633,1.0,0.00010495,,13.568,21.769,4.8453e-05,,-0.0,41.25,3.5974e-05,,5.9986e-06,6.3438,0.00020572,,32.0,-12.818,,,12280.0,-6.3125,,,7501.0,-37.5,,,1.4271,,,1.9787,,,1.0954
71,0.0064523,,3.0239,4690.0,0.11025,,0.4076,1.0,0.00010872,,15.965,21.708,4.5619e-05,,-0.0,39.0,3.3881e-05,,5.9985e-06,6.375,0.00020693,,32.0,-13.101,,,11242.0,-6.375,,,6552.0,-37.0,,,1.538,,,2.1337,,,1.1321
72,0.0066044,,2.6131,4823.0,0.11554,,0.37376,1.0,0.00024928,,11.852,21.695,5.8268e-05,,-0.0,38.5,3.9189e-05,,5.9983e-06,6.4375,0.00026467,,32.0,-12.897,,,11547.0,-6.3125,,,6724.0,-37.5,,,1.4553,,,1.9886,,,1.1268
73,0.0074629,,2.8389,4411.0,0.10873,,0.40443,1.0,0.0001329,,12.206,21.641,5.2078e-05,,-0.0,40.75,3.6064e-05,,5.9981e-06,6.375,0.00021394,,32.0,-12.819,,,10444.0,-6.375,,,6033.0,-37.5,,,1.4538,,,2.191,,,1.1125
74,0.0065281,,2.8191,4610.0,0.10904,,0.41741,1.0,0.00011326,,12.137,21.804,4.8363e-05,,-0.0,39.25,3.5123e-05,,5.9979e-06,6.375,0.00021045,,32.0,-13.037,,,10984.0,-6.375,,,6374.0,-37.25,,,1.4779,,,3.008,,,1.1491
75,0.0065086,,2.5158,4237.0,0.11722,,0.34381,1.0,0.00010637,,16.769,22.0,4.9615e-05,,-0.0,39.25,3.3801e-05,,5.9977e-06,6.375,0.00022137,,32.0,-13.032,,,11485.0,-6.25,,,7248.0,-37.0,,,1.4031,,,1.7214,,,1.1516
76,0.0071573,,3.7147,4924.0,0.17188,,0.74294,1.0,0.00013926,,15.585,21.391,4.8543e-05,,-0.0,39.5,2.9635e-05,,5.9974e-06,6.375,0.00021496,,32.0,-12.829,,,14402.0,-6.3438,,,9478.0,-37.0,,,1.6032,,,3.3084,,,1.1159
77,0.0067709,,2.6393,4896.0,0.11058,,0.36028,1.0,0.00012507,,9.876,21.761,4.592e-05,,-0.0,38.75,2.9675e-05,,5.9972e-06,6.4375,0.00021342,,32.0,-13.01,,,11113.0,-6.375,,,6217.0,-36.75,,,1.4778,,,2.9422,,,1.0734
78,0.0065881,,2.3362,5215.0,0.11952,,0.38703,1.0,0.00014933,,10.77,21.856,4.7682e-05,,-0.0,39.25,2.8973e-05,,5.997e-06,6.3438,0.00021502,,32.0,-12.895,,,13397.0,-6.3438,,,8182.0,-36.25,,,1.4575,,,2.2755,,,1.153
79,0.0063539,,2.3848,4141.0,0.11333,,0.35249,1.0,0.0002452,,9.7147,22.017,5.5454e-05,,-0.0,37.25,3.8999e-05,,5.9967e-06,6.375,0.00024288,,32.0,-13.022,,,11361.0,-6.375,,,7220.0,-36.5,,,1.4401,,,2.8511,,,1.1404
80,0.010652,,2.8647,4776.0,0.11385,,0.4127,1.0,0.000114,,11.705,21.672,4.9675e-05,,-0.0,38.25,3.6635e-05,,5.9964e-06,6.3438,0.00022025,,32.0,-12.954,,,11417.0,-6.3438,,,6641.0,-36.0,,,1.5072,,,2.5898,,,1.1336
81,0.0078985,,2.7427,4796.0,0.11197,,0.41314,1.0,0.00018077,,12.446,21.507,5.1708e-05,,-0.0,39.25,3.6595e-05,,5.9961e-06,6.3438,0.00021831,,32.0,-12.905,,,11043.0,-6.0625,,,6247.0,-36.25,,,1.4928,,,2.1105,,,1.1706
82,0.0069557,,2.7521,5625.0,0.11723,,0.38362,1.0,0.00011738,,13.577,21.607,6.006e-05,,-0.0,37.25,3.5343e-05,,5.9959e-06,6.3125,0.00021478,,32.0,-12.911,,,12169.0,-6.4375,,,6544.0,-35.5,,,1.4829,,,2.9082,,,1.1321
83,0.0063203,,2.4923,5224.0,0.12222,,0.4048,1.0,0.00021068,,13.132,21.992,6.2645e-05,,-0.0,41.25,4.4157e-05,,5.9956e-06,6.4062,0.00025529,,32.0,-13.029,,,13287.0,-6.4062,,,8063.0,-35.5,,,1.5399,,,3.0706,,,1.063
84,0.0073343,,2.6487,4701.0,0.11074,,0.37212,1.0,0.00016339,,14.538,21.606,4.9895e-05,,-0.0,38.5,3.3871e-05,,5.9952e-06,6.3438,0.00021912,,32.0,-12.96,,,10920.0,-6.3438,,,6219.0,-35.5,,,1.4677,,,2.2972,,,1.1592
85,0.0064339,,2.2133,4717.0,0.11189,,0.28769,1.0,0.00014315,,11.816,22.049,4.4167e-05,,-0.0,39.75,3.9129e-05,,5.9949e-06,6.3438,0.00028403,,32.0,-13.314,,,11813.0,-6.5312,,,7096.0,-35.25,,,1.3811,,,1.7717,,,1.1318
86,0.0069311,,2.6758,5020.0,0.11638,,0.36717,1.0,0.00012506,,15.448,21.816,5.3301e-05,,-0.0,37.0,3.6555e-05,,5.9946e-06,6.3125,0.00022113,,32.0,-13.114,,,11665.0,-6.5625,,,6645.0,-35.0,,,1.4671,,,3.2383,,,1.141
87,0.0065137,,2.3929,4484.0,0.11869,,0.38756,1.0,9.7527e-05,,25.413,22.083,4.8113e-05,,-0.0,39.5,3.4582e-05,,5.9942e-06,6.3125,0.00021493,,32.0,-13.103,,,12623.0,-6.5625,,,8139.0,-35.0,,,2.1425,,,24.317,,,1.1472
88,0.0066268,,2.3952,4654.0,0.11282,,0.33826,1.0,0.00012633,,10.902,21.998,4.6159e-05,,-0.0,41.0,2.8623e-05,,5.9939e-06,6.3125,0.00020964,,32.0,-12.973,,,11948.0,-6.6562,,,7294.0,-35.0,,,1.4438,,,2.0506,,,1.1651
89,0.0064503,,2.8541,4787.0,0.11134,,0.38656,1.0,0.0001302,,13.301,21.645,4.3877e-05,,-0.0,39.25,3.7727e-05,,5.9935e-06,6.3125,0.00024521,,32.0,-13.015,,,11157.0,-6.6875,,,6370.0,-35.0,,,1.4906,,,2.1888,,,1.1557
90,0.24086,,2.3693,4483.0,0.12,,0.29335,1.0,0.00077861,,12.491,21.775,0.00021887,,-0.0,39.75,0.00011394,,5.9932e-06,6.3125,0.00027126,,32.0,-13.064,,,10846.0,-6.7188,,,6363.0,-35.0,,,1.3886,,,2.5715,,,1.1417
91,0.007359,,2.2334,4468.0,0.11377,,0.3254,1.0,0.00030971,,11.597,21.863,7.1528e-05,,-0.0,41.25,4.644e-05,,5.9928e-06,6.3125,0.00031283,,32.0,-13.128,,,11550.0,-5.9688,,,7082.0,-34.5,,,1.388,,,2.0122,,,1.0732
92,0.001222,,2.6157,5167.0,0.11388,,0.3616,1.0,0.0001451,,14.442,21.558,5.4883e-05,,-0.0,38.25,3.2739e-05,,5.9924e-06,6.3125,0.00023777,,32.0,-12.99,,,10738.0,-6.75,,,5571.0,-34.75,,,1.4149,,,2.3983,,,1.1261
93,0.0012209,,2.782,4848.0,0.11001,,0.3456,1.0,0.00011722,,10.908,21.759,5.971e-05,,-0.0,39.25,3.0296e-05,,5.992e-06,6.3125,0.00022482,,32.0,-13.038,,,10787.0,-5.9688,,,5939.0,-34.75,,,1.4197,,,2.2153,,,1.1586
94,0.024516,,2.4672,5227.0,0.12038,,0.36205,1.0,0.00011909,,11.306,22.033,4.7311e-05,,-0.0,38.5,2.9454e-05,,5.9916e-06,6.3125,0.00021344,,32.0,-13.425,,,12698.0,-6.1875,,,7471.0,-35.0,,,1.4196,,,1.9053,,,1.0634
95,0.00092377,,2.2621,4700.0,0.12324,,0.34843,1.0,0.0002852,,11.368,22.419,5.948e-05,,-0.0,40.0,3.8017e-05,,5.9911e-06,6.3125,0.00026997,,32.0,-13.506,,,13335.0,-6.5,,,8635.0,-34.75,,,1.3954,,,2.0685,,,1.1199
96,0.0010734,,2.5449,4655.0,0.11686,,0.36629,1.0,0.00012973,,12.503,22.322,7.285e-05,,-0.0,40.5,3.7056e-05,,5.9907e-06,6.3125,0.00023649,,32.0,-13.5,,,12329.0,-6.75,,,7674.0,-35.0,,,1.4142,,,2.1484,,,1.1466
97,0.0010604,,2.7331,4746.0,0.10708,,0.31752,1.0,0.00010474,,13.641,22.028,4.9985e-05,,-0.0,39.75,3.278e-05,,5.9902e-06,6.2812,0.00021907,,32.0,-13.29,,,10099.0,-6.8125,,,5353.0,-35.0,,,1.3596,,,1.9103,,,1.1258
98,0.007816,,2.3537,5142.0,0.12501,,0.34808,1.0,0.00019411,,12.332,22.457,7.8158e-05,,-0.0,40.75,4.2755e-05,,5.9898e-06,6.3125,0.00023409,,32.0,-13.627,,,13330.0,-6.4688,,,8188.0,-35.5,,,1.381,,,1.8434,,,1.1405
99,0.0070414,,2.2674,5310.0,0.11645,,0.29698,1.0,9.4272e-05,,13.724,22.386,4.9875e-05,,-0.0,37.5,3.3851e-05,,5.9893e-06,6.3125,0.00021912,,32.0,-13.572,,,12350.0,-6.7188,,,7040.0,-35.25,,,1.3564,,,2.2704,,,1.0891
100,0.0069798,28481.0,2.4264,5336.0,0.11667,1.517,0.34935,1.0,5.3069,3.0919,13.53,22.422,0.00020965,1.0758,-0.0,38.75,0.46944,17967.0,5.9888e-06,6.2812,0.00034645,22.568,32.0,-13.748,0.40027,40.25,12619.0,-6.5,17.626,6.3125,7283.0,-35.5,-0.0,-13.744,1.4169,126.0,-6.75,1.9691,46448.0,-35.5,1.1402
101,0.0087057,,2.4501,4560.0,0.11506,,0.25054,1.0,0.00054774,,14.057,22.832,0.00026893,,-0.0,38.75,9.946e-05,,5.9883e-06,6.3125,0.00031142,,32.0,-13.998,,,10564.0,-6.8438,,,6004.0,-35.0,,,1.3282,,,1.6832,,,1.1106
102,0.0068711,,2.4625,4883.0,0.11378,,0.29125,1.0,0.00012867,,12.724,22.843,4.5479e-05,,-0.0,38.25,2.7722e-05,,5.9878e-06,6.2812,0.00021749,,32.0,-14.082,,,11856.0,-6.7188,,,6973.0,-35.5,,,1.3606,,,1.9489,,,1.0515
103,0.0067829,,2.5305,4926.0,0.15996,,0.58978,1.0,0.00011408,,15.509,22.388,4.5218e-05,,-0.0,41.0,2.5088e-05,,5.9873e-06,6.3438,0.00020717,,32.0,-13.698,,,16392.0,-6.75,,,11466.0,-35.5,,,1.5142,,,2.8501,,,1.0746
104,0.0066709,,2.6441,4676.0,0.10913,,0.25209,1.0,0.00012446,,13.143,22.609,4.6781e-05,,-0.0,38.75,2.3866e-05,,5.9868e-06,6.3438,0.0002081,,32.0,-13.675,,,10537.0,-6.5625,,,5861.0,-35.25,,,1.3016,,,1.6055,,,1.0816
105,0.0066263,,2.4762,4355.0,0.10905,,0.27961,1.0,0.00010183,,11.065,22.768,4.5378e-05,,-0.0,38.75,2.3094e-05,,5.9863e-06,6.3438,0.00021387,,32.0,-13.957,,,10812.0,-6.7188,,,6457.0,-35.25,,,1.3149,,,1.8958,,,1.098
106,0.0067908,,2.665,5311.0,0.12011,,0.36366,1.0,0.00013172,,18.98,22.777,4.3366e-05,,-0.0,39.75,2.4016e-05,,5.9857e-06,6.2812,0.00020647,,32.0,-13.896,,,13781.0,-6.4688,,,8470.0,-35.25,,,1.4446,,,2.1494,,,1.1363
107,0.006458,,2.4434,4759.0,0.12755,,0.33067,1.0,0.00011074,,11.988,23.017,4.2364e-05,,-0.0,40.0,2.4246e-05,,5.9852e-06,6.3438,0.00020522,,32.0,-13.996,,,13580.0,-6.6562,,,8821.0,-36.0,,,1.3888,,,2.208,,,1.0443
108,0.0065341,,2.7115,5125.0,0.11637,,0.34492,1.0,0.00010205,,12.831,22.672,4.2124e-05,,-0.0,39.25,2.3235e-05,,5.9846e-06,6.25,0.00020319,,32.0,-13.998,,,11936.0,-6.6875,,,6811.0,-35.25,,,1.392,,,2.0864,,,1.0685
109,0.0067068,,2.4319,4875.0,0.11821,,0.2968,1.0,0.00030049,,10.193,22.991,7.4632e-05,,-0.0,38.5,4.5419e-05,,5.984e-06,6.25,0.00033537,,32.0,-14.054,,,12124.0,-6.6562,,,7249.0,-35.25,,,1.3468,,,1.8064,,,1.0772
110,0.0073121,,2.7766,5354.0,0.11764,,0.35112,1.0,0.00021444,,13.439,22.643,5.4292e-05,,-0.0,38.0,3.9079e-05,,5.9834e-06,6.25,0.00023572,,32.0,-13.83,,,12732.0,-6.6562,,,7378.0,-35.5,,,1.4237,,,2.2598,,,1.1054
111,0.0068776,,2.7367,5127.0,0.12331,,0.47348,1.0,0.00021783,,21.896,22.4,6.4067e-05,,-0.0,39.25,4.4377e-05,,5.9829e-06,6.3125,0.00028045,,32.0,-13.806,,,12853.0,-6.625,,,7726.0,-35.75,,,1.4603,,,2.7311,,,1.1268
112,0.0073338,,2.7099,5078.0,0.1124,,0.31375,1.0,0.00017935,,11.938,22.624,5.6185e-05,,-0.0,40.0,4.0742e-05,,5.9822e-06,6.3125,0.00028119,,32.0,-14.053,,,11143.0,-6.5,,,6065.0,-35.75,,,1.3886,,,2.0915,,,1.1073
113,0.007655,,2.5016,5524.0,0.12299,,0.34196,1.0,0.00015575,,15.065,22.737,6.6861e-05,,-0.0,37.5,3.3801e-05,,5.9816e-06,6.2812,0.00022564,,32.0,-13.936,,,13508.0,-6.375,,,7984.0,-37.5,,,1.432,,,2.691,,,1.1023
114,0.0070368,,2.5716,5716.0,0.117,,0.32861,1.0,0.00010337,,15.043,22.599,5.3921e-05,,-0.0,39.25,3.2388e-05,,5.981e-06,6.3125,0.00020981,,32.0,-13.764,,,12303.0,-6.4062,,,6587.0,-36.0,,,1.4347,,,2.2248,,,1.0855
115,0.0066568,,2.7642,4995.0,0.10927,,0.34069,1.0,0.00010721,,12.9,22.191,5.282e-05,,-0.0,40.5,3.2209e-05,,5.9804e-06,6.25,0.00021161,,32.0,-13.628,,,10910.0,-6.4062,,,5915.0,-36.25,,,1.4101,,,2.1702,,,1.0822
116,0.0098493,,3.0226,5048.0,0.11168,,0.3736,1.0,0.00010495,,14.034,22.108,4.593e-05,,-0.0,39.25,3.1307e-05,,5.9797e-06,6.3125,0.00021657,,32.0,-13.695,,,11076.0,-6.4062,,,6028.0,-36.25,,,1.4512,,,3.1721,,,1.1116
117,0.011246,,2.6489,4264.0,0.10486,,0.26894,1.0,0.00010846,,10.124,22.367,4.5909e-05,,-0.0,39.75,3.0436e-05,,5.9791e-06,6.3125,0.00021247,,32.0,-13.784,,,9478.0,-6.375,,,5214.0,-36.5,,,1.3473,,,2.1629,,,1.056
118,0.0065445,,2.6358,5181.0,0.11949,,0.3281,1.0,9.8559e-05,,15.029,22.757,4.4567e-05,,-0.0,38.0,2.8874e-05,,5.9784e-06,6.2188,0.00021142,,32.0,-14.007,,,13422.0,-6.375,,,8241.0,-36.5,,,1.3905,,,2.0393,,,1.078
119,0.0065235,,2.4978,5210.0,0.11714,,0.2975,1.0,0.00010969,,11.674,22.573,4.7752e-05,,-0.0,41.25,3.1958e-05,,5.9777e-06,6.25,0.00020605,,32.0,-13.979,,,12773.0,-6.3438,,,7563.0,-36.5,,,1.3563,,,3.0878,,,1.1259
120,0.0097418,,2.5361,4691.0,0.1129,,0.29347,1.0,9.6786e-05,,13.618,22.655,5.5113e-05,,-0.0,40.5,3.1687e-05,,5.977e-06,6.25,0.00020594,,32.0,-13.877,,,11866.0,-6.3125,,,7175.0,-36.5,,,1.332,,,1.6104,,,1.1249
121,0.01132,,2.8975,5573.0,0.11187,,0.33845,1.0,0.0001002,,13.815,22.044,4.4697e-05,,-0.0,39.5,2.8904e-05,,5.9763e-06,6.25,0.00020994,,32.0,-13.586,,,11320.0,-6.2188,,,5747.0,-36.5,,,1.3662,,,1.7238,,,1.0662
122,0.0076502,,3.0214,4787.0,0.11743,,0.33988,1.0,0.0003191,,10.523,22.368,7.7427e-05,,-0.0,39.5,3.7697e-05,,5.9756e-06,6.25,0.00026747,,32.0,-13.796,,,11065.0,-6.5,,,6278.0,-37.0,,,1.3581,,,1.8069,,,1.1011
123,0.010482,,2.6478,4774.0,0.11626,,0.3376,1.0,0.00011522,,10.713,22.594,6.2014e-05,,-0.0,38.75,3.318e-05,,5.9749e-06,6.2188,0.00021104,,32.0,-13.757,,,11879.0,-6.4375,,,7105.0,-36.5,,,1.4054,,,2.7655,,,1.0425
124,0.01038,,2.8001,4881.0,0.1131,,0.33457,1.0,0.0001007,,13.751,22.572,5.2469e-05,,-0.0,40.25,3.1448e-05,,5.9742e-06,6.2812,0.0002064,,32.0,-13.722,,,12061.0,-6.5312,,,7180.0,-36.75,,,1.3736,,,1.8286,,,1.0786
125,0.01161,,2.8103,4415.0,0.11161,,0.31967,1.0,0.00026402,,11.411,22.714,7.931e-05,,-0.0,38.25,4.4487e-05,,5.9734e-06,6.25,0.00027101,,32.0,-14.007,,,10851.0,-6.5312,,,6436.0,-36.5,,,1.3529,,,2.1316,,,1.1175
126,0.0069585,,2.7662,4796.0,0.11391,,0.31635,1.0,0.00011243,,12.625,22.774,5.1728e-05,,-0.0,40.25,3.3982e-05,,5.9727e-06,6.25,0.00023017,,32.0,-14.059,,,11738.0,-6.5,,,6942.0,-36.5,,,1.4002,,,2.2218,,,1.1051
127,0.0066729,,2.4163,4614.0,0.12004,,0.31935,1.0,0.00026487,,15.22,22.883,6.4527e-05,,-0.0,39.75,4.605e-05,,5.9719e-06,6.2188,0.00031908,,32.0,-14.072,,,12843.0,-6.625,,,8229.0,-36.5,,,1.3794,,,2.2607,,,1.102
128,0.012525,,2.907,4609.0,0.11191,,0.31707,1.0,0.0002608,,13.131,22.347,6.3095e-05,,-0.0,42.5,4.5178e-05,,5.9711e-06,6.2188,0.00027312,,32.0,-13.812,,,10227.0,-6.4062,,,5618.0,-36.5,,,1.4245,,,3.1447,,,1.0978
129,0.010716,,2.6947,4705.0,0.11704,,0.33122,1.0,0.00027357,,10.486,22.59,6.5849e-05,,-0.0,39.75,4.3836e-05,,5.9703e-06,6.0625,0.00031214,,32.0,-13.902,,,10914.0,-6.5,,,6209.0,-37.0,,,1.4089,,,3.0355,,,1.1156
130,0.012439,,2.287,4721.0,0.12251,,0.23588,1.0,0.00024249,,9.3113,23.336,6.5468e-05,,-0.0,39.25,4.5008e-05,,5.9695e-06,6.3125,0.00024178,,32.0,-14.559,,,12581.0,-6.4688,,,7860.0,-36.75,,,1.2894,,,1.7136,,,1.0758
131,0.012285,,2.7963,4889.0,0.11633,,0.28367,1.0,0.00014266,,12.035,22.77,5.1798e-05,,-0.0,39.75,4.1553e-05,,5.9687e-06,6.2188,0.00025363,,32.0,-14.018,,,11693.0,-6.5625,,,6804.0,-36.75,,,1.3134,,,1.8743,,,1.0899
132,0.010778,,2.5202,5428.0,0.12151,,0.27834,1.0,0.0002674,,11.958,22.963,6.7031e-05,,-0.0,40.25,4.5729e-05,,5.9679e-06,6.25,0.00033193,,32.0,-14.137,,,12950.0,-6.5625,,,7522.0,-36.5,,,1.3444,,,2.3783,,,1.1317
133,0.010782,,2.6051,5262.0,0.12119,,0.36772,1.0,0.00012316,,11.026,22.568,4.5969e-05,,-0.0,39.25,3.4131e-05,,5.9671e-06,6.0625,0.00025129,,32.0,-13.744,,,13126.0,-6.5312,,,7864.0,-36.5,,,1.423,,,2.2565,,,1.0696
134,0.0075711,,3.0551,4717.0,0.11122,,0.2991,1.0,0.00026113,,11.46,22.307,6.665e-05,,-0.0,40.25,4.3926e-05,,5.9663e-06,6.0625,0.00027595,,32.0,-13.738,,,10015.0,-6.625,,,5298.0,-36.75,,,1.3664,,,1.9203,,,1.0239
135,0.011946,,2.6334,5107.0,0.11759,,0.31311,1.0,0.00013666,,11.376,22.928,7.3961e-05,,-0.0,39.75,3.6435e-05,,5.9654e-06,6.0938,0.00022991,,32.0,-14.041,,,12711.0,-6.5,,,7604.0,-37.0,,,1.3472,,,1.8894,,,1.0761
136,0.012422,,3.1628,4672.0,0.11099,,0.27541,1.0,0.00030508,,17.103,22.675,0.00010536,,-0.0,39.5,5.3621e-05,,5.9645e-06,6.0938,0.00027307,,32.0,-14.0,,,10596.0,-6.5,,,5924.0,-37.0,,,1.3365,,,1.7848,,,1.0565
137,0.0078219,,2.4399,4755.0,0.11538,,0.32821,1.0,0.00017922,,16.251,22.58,7.1959e-05,,-0.0,40.0,3.6965e-05,,5.9637e-06,6.0625,0.00026222,,32.0,-13.89,,,12111.0,-6.5938,,,7356.0,-36.75,,,1.3862,,,1.8789,,,1.0263
138,0.0072605,,2.5187,4746.0,0.11637,,0.30262,1.0,0.00010674,,10.225,22.782,4.9204e-05,,-0.0,38.0,3.332e-05,,5.9628e-06,6.1562,0.00021306,,32.0,-13.975,,,12006.0,-6.6562,,,7260.0,-36.75,,,1.3688,,,2.2156,,,1.1652
139,0.0064443,,2.9478,4803.0,0.11697,,0.36406,1.0,0.0003155,,12.884,22.796,8.7031e-05,,-0.0,40.75,6.5008e-05,,5.9619e-06,6.0625,0.000413,,32.0,-14.002,,,12192.0,-6.6562,,,7389.0,-37.0,,,1.4812,,,2.5205,,,1.0798
140,0.0070658,,2.4445,5180.0,0.11863,,0.30294,1.0,0.00024113,,14.528,22.915,6.7531e-05,,-0.0,39.25,4.2644e-05,,5.961e-06,6.0625,0.00025593,,32.0,-13.995,,,13142.0,-6.4375,,,7962.0,-37.0,,,1.3633,,,1.8661,,,1.1154
141,0.0075419,,2.4431,5078.0,0.12036,,0.28772,1.0,0.000155,,11.25,23.016,6.6561e-05,,-0.0,41.0,4.005e-05,,5.9601e-06,6.0625,0.00022613,,32.0,-14.301,,,12846.0,-6.6875,,,7768.0,-36.75,,,1.3359,,,1.6431,,,1.1002
142,0.012038,,2.8296,4693.0,0.11243,,0.37581,1.0,0.00015585,,10.135,22.441,6.9535e-05,,-0.0,40.25,3.7326e-05,,5.9592e-06,6.1875,0.00025374,,32.0,-13.733,,,11391.0,-6.6875,,,6698.0,-37.0,,,1.4298,,,2.5335,,,1.1157
143,0.0072054,,2.9214,4912.0,0.11367,,0.32715,1.0,0.00022866,,26.426,22.851,0.00010331,,-0.0,41.25,5.2349e-05,,5.9583e-06,6.0625,0.00039977,,32.0,-14.129,,,11567.0,-6.6562,,,6655.0,-36.75,,,1.4226,,,3.1349,,,1.0792
144,0.0069915,,2.7381,5675.0,0.11696,,0.34294,1.0,0.0001208,,12.487,22.743,4.8894e-05,,-0.0,43.75,3.8248e-05,,5.9573e-06,6.1875,0.00021627,,32.0,-13.75,,,13100.0,-6.7188,,,7425.0,-36.75,,,1.4059,,,2.1075,,,1.0837
145,0.011628,,2.4598,5036.0,0.12206,,0.33872,1.0,0.00010667,,11.407,23.264,4.6039e-05,,-0.0,38.5,3.5073e-05,,5.9564e-06,6.1875,0.0022886,,32.0,-14.227,,,14243.0,-6.7188,,,9207.0,-36.75,,,1.3949,,,2.5389,,,1.0708
146,0.010355,,2.7876,4416.0,0.10925,,0.34682,1.0,0.00017103,,12.0,22.599,4.8133e-05,,-0.0,39.0,3.9179e-05,,5.9554e-06,6.1562,0.0002412,,32.0,-13.918,,,10752.0,-6.5938,,,6336.0,-36.75,,,1.4258,,,2.1694,,,1.1048
147,0.0069691,,3.1105,5140.0,0.11028,,0.33051,1.0,9.974e-05,,11.481,22.259,4.4277e-05,,-0.0,40.75,0.00014159,,5.9544e-06,6.125,0.00046035,,32.0,-13.775,,,10461.0,-6.4062,,,5321.0,-37.0,,,1.3757,,,2.115,,,1.0797
148,0.012701,,2.6935,5135.0,0.11496,,0.31987,1.0,0.00019645,,12.594,22.292,5.5744e-05,,-0.0,37.5,3.8397e-05,,5.9534e-06,6.125,0.00025884,,32.0,-13.557,,,11517.0,-6.2188,,,6382.0,-36.75,,,1.3826,,,2.4448,,,1.0863
149,0.012346,,2.2908,5081.0,0.11871,,0.29397,1.0,0.00022417,,11.179,22.837,6.1523e-05,,-0.0,40.0,3.1838e-05,,5.9524e-06,6.125,0.00025735,,32.0,-13.916,,,12931.0,-6.3125,,,7850.0,-36.75,,,1.3735,,,2.0877,,,1.0886
150,0.012513,28481.0,2.6506,4735.0,0.11833,1.5088,0.38165,1.0,5.4872,3.057,18.063,22.446,0.00018496,1.0791,-0.0,40.25,0.4875,17967.0,5.9514e-06,6.125,0.00052842,22.577,32.0,-13.715,0.39601,39.75,12287.0,-6.6562,17.064,6.125,7552.0,-37.0,-0.0,-13.745,1.4526,126.0,-6.5625,2.574,46448.0,-37.0,1.1189
151,0.011201,,2.5721,4593.0,0.11635,,0.29077,1.0,0.00047715,,16.532,22.512,0.00016911,,-0.0,38.75,9.961e-05,,5.9504e-06,6.125,0.00030698,,32.0,-13.781,,,10960.0,-6.5312,,,6367.0,-36.75,,,1.3304,,,2.1639,,,1.0763
152,0.011215,,2.3301,4918.0,0.12048,,0.26127,1.0,0.0002336,,9.9735,22.752,7.8618e-05,,-0.0,38.5,4.3385e-05,,5.9494e-06,6.1562,0.00025928,,32.0,-13.715,,,11880.0,-6.6562,,,6962.0,-36.75,,,1.31,,,2.2075,,,1.0867
153,0.0072982,,2.9777,4760.0,0.11432,,0.34806,1.0,0.00029769,,14.661,22.312,7.6435e-05,,-0.0,39.0,4.3516e-05,,5.9484e-06,6.125,0.00032045,,32.0,-13.556,,,10837.0,-6.5938,,,6077.0,-36.25,,,1.4361,,,2.2366,,,1.1449
154,0.0081954,,2.657,4712.0,0.11701,,0.29506,1.0,0.00021056,,12.142,22.87,6.4467e-05,,-0.0,40.0,4.1102e-05,,5.9473e-06,6.125,0.00028145,,32.0,-13.967,,,11987.0,-6.5938,,,7275.0,-36.5,,,1.318,,,1.8197,,,1.093
155,0.013341,,2.5587,4664.0,0.11375,,0.31475,1.0,0.00017369,,25.603,22.695,6.4367e-05,,-0.0,43.25,4.0531e-05,,5.9463e-06,6.1562,0.00023823,,32.0,-13.966,,,11276.0,-6.4688,,,6612.0,-36.25,,,1.7157,,,12.28,,,1.0758
156,0.010804,,2.562,4885.0,0.11877,,0.3429,1.0,0.00023774,,12.852,22.521,8.2144e-05,,-0.0,40.0,3.4452e-05,,5.9452e-06,6.125,0.00024901,,32.0,-13.62,,,12384.0,-6.625,,,7499.0,-36.5,,,1.3771,,,2.1003,,,1.0868
157,0.0069915,,2.5699,5116.0,0.11742,,0.35635,1.0,0.00014448,,9.922,22.727,5.2159e-05,,-0.0,38.5,3.1117e-05,,5.9441e-06,6.1562,0.00022061,,32.0,-13.97,,,12616.0,-6.625,,,7500.0,-36.75,,,1.3991,,,2.3528,,,1.0738
158,0.0066443,,2.7306,4664.0,0.10975,,0.30307,1.0,0.00026012,,12.194,22.603,5.6556e-05,,-0.0,39.5,3.958e-05,,5.943e-06,6.1562,0.00024596,,32.0,-13.888,,,10783.0,-6.6562,,,6119.0,-36.5,,,1.3694,,,2.3875,,,1.1509
159,0.0066907,,2.5206,4949.0,0.11726,,0.32334,1.0,0.00013204,,12.506,22.851,4.8023e-05,,-0.0,41.0,3.0305e-05,,5.9419e-06,6.125,0.00022077,,32.0,-13.937,,,12561.0,-6.625,,,7612.0,-36.25,,,1.3768,,,2.8444,,,1.0596
160,0.0074563,,2.9212,4991.0,0.11791,,0.39773,1.0,0.00013167,,20.817,22.425,5.1808e-05,,-0.0,38.0,3.7517e-05,,5.9408e-06,6.1562,0.00021829,,32.0,-13.748,,,12375.0,-6.0,,,7384.0,-36.5,,,1.4549,,,2.2392,,,1.0638
161,0.0070039,,2.6848,4629.0,0.11617,,0.34566,1.0,0.00010007,,13.758,22.801,4.7101e-05,,-0.0,40.75,3.3621e-05,,5.9397e-06,6.125,0.00021857,,32.0,-13.903,,,12727.0,-6.6562,,,8098.0,-36.5,,,1.3913,,,2.3649,,,1.1215
162,0.0064756,,2.4576,5189.0,0.11633,,0.25655,1.0,0.00030416,,10.579,22.802,6.3956e-05,,-0.0,38.25,4.1453e-05,,5.9386e-06,6.125,0.00027553,,32.0,-13.993,,,11607.0,-6.2188,,,6418.0,-36.25,,,1.3156,,,1.8327,,,1.1355
163,0.0077852,,2.4322,4864.0,0.11489,,0.281,1.0,0.00024871,,12.665,22.959,6.5479e-05,,-0.0,38.5,4.1973e-05,,5.9375e-06,6.1562,0.00026468,,32.0,-14.125,,,11986.0,-6.75,,,7122.0,-36.75,,,1.3299,,,2.1448,,,1.0894
164,0.0077713,,2.8382,4725.0,0.11168,,0.31086,1.0,0.0001525,,13.294,22.628,6.3406e-05,,-0.0,38.0,3.931e-05,,5.9363e-06,6.125,0.00022269,,32.0,-13.951,,,11217.0,-6.125,,,6492.0,-36.25,,,1.3488,,,1.6663,,,1.1111
165,0.0069407,,2.884,5000.0,0.14924,,0.40933,1.0,0.00016308,,11.814,22.746,6.5218e-05,,-0.0,40.5,3.9289e-05,,5.9351e-06,6.125,0.00025679,,32.0,-13.529,,,13902.0,-6.625,,,8902.0,-36.25,,,1.3887,,,2.3791,,,1.0691
166,0.0073844,,2.7776,4606.0,0.11727,,0.33446,1.0,0.00013319,,11.819,22.687,4.9033e-05,,-0.0,40.0,3.0225e-05,,5.934e-06,6.1562,0.00021338,,32.0,-13.923,,,11565.0,-6.6562,,,6959.0,-36.25,,,1.3844,,,2.8538,,,1.0969
167,0.0067266,,2.8873,5046.0,0.11419,,0.34703,1.0,0.00013483,,11.136,22.516,4.7481e-05,,-0.0,40.25,3.6795e-05,,5.9328e-06,6.125,0.00023174,,32.0,-13.923,,,11927.0,-6.625,,,6881.0,-36.25,,,1.4017,,,2.217,,,1.1058
168,0.0071447,,3.095,5390.0,0.11461,,0.3802,1.0,0.00019864,,19.806,22.229,6.1753e-05,,-0.0,38.5,3.949e-05,,5.9316e-06,6.2188,0.00028164,,32.0,-13.631,,,11677.0,-6.6562,,,6287.0,-36.25,,,1.4346,,,2.6209,,,1.0836
169,0.0077898,,3.057,4887.0,0.11267,,0.32645,1.0,0.00017635,,13.431,22.322,7.2259e-05,,-0.0,40.0,3.8999e-05,,5.9304e-06,6.125,0.00025404,,32.0,-13.692,,,11475.0,-6.625,,,6588.0,-36.0,,,1.3781,,,1.9868,,,1.1029
170,0.0074827,,2.7242,5016.0,0.12304,,0.36766,1.0,0.00010535,,12.081,22.591,4.9725e-05,,-0.0,39.5,3.7657e-05,,5.9292e-06,6.0938,0.00022325,,32.0,-13.698,,,13646.0,-6.625,,,8630.0,-36.25,,,1.4481,,,2.2804,,,1.0994
171,0.0096846,,2.7212,4643.0,0.11317,,0.32628,1.0,9.6896e-05,,19.52,22.461,4.7742e-05,,-0.0,39.0,3.5874e-05,,5.928e-06,6.0938,0.00022508,,32.0,-13.838,,,11113.0,-6.7188,,,6470.0,-36.25,,,1.3819,,,2.0674,,,1.0943
172,0.0064431,,2.6504,4790.0,0.11322,,0.33923,1.0,0.0001559,,10.783,22.29,5.1718e-05,,-0.0,40.25,3.1727e-05,,5.9267e-06,6.125,0.00024957,,32.0,-13.734,,,11709.0,-6.75,,,6919.0,-36.0,,,1.3823,,,2.2165,,,1.0814
173,0.0075075,,2.4746,5359.0,0.11383,,0.29381,1.0,0.00011979,,11.732,22.442,5.0716e-05,,-0.0,39.25,3.0416e-05,,5.9255e-06,6.0938,0.00021272,,32.0,-13.788,,,12268.0,-6.7188,,,6909.0,-36.0,,,1.3823,,,2.7346,,,1.1141
174,0.0077579,,4.5753,4771.0,0.8016,,0.35322,1.0,0.00015043,,10.638,22.273,7.0556e-05,,-0.0,40.0,3.7968e-05,,5.9242e-06,6.0938,0.00023525,,32.0,-13.487,,,11354.0,-6.7188,,,6583.0,-36.0,,,1.3888,,,2.0238,,,1.0391
175,0.010097,,2.9151,5062.0,0.11364,,0.32413,1.0,0.00010279,,13.515,22.582,5.7517e-05,,-0.0,37.75,4.0671e-05,,5.923e-06,6.2188,0.00023407,,32.0,-13.733,,,11168.0,-6.625,,,6106.0,-36.0,,,1.3827,,,2.3683,,,1.0835
176,0.006714,,2.6112,4637.0,0.11332,,0.27508,1.0,0.00010691,,10.462,22.757,4.5339e-05,,-0.0,37.75,3.4552e-05,,5.9217e-06,6.2188,0.00020994,,32.0,-13.938,,,11666.0,-6.5625,,,7029.0,-35.75,,,1.2944,,,1.6344,,,1.0657
177,0.0066611,,2.34,4350.0,0.11776,,0.30395,1.0,0.00016537,,13.156,22.89,5.4302e-05,,-0.0,39.5,3.972e-05,,5.9204e-06,6.0938,0.00024999,,32.0,-14.048,,,11836.0,-6.6875,,,7486.0,-36.0,,,1.361,,,2.0422,,,1.0837
178,0.0076029,,2.8542,5126.0,0.11569,,0.34105,1.0,0.00025939,,25.606,22.477,6.6049e-05,,-0.0,42.0,4.5658e-05,,5.9191e-06,6.2188,0.0002745,,32.0,-13.725,,,11684.0,-6.5312,,,6558.0,-35.75,,,1.4259,,,2.419,,,1.1313
179,0.24773,,2.4757,4904.0,0.12234,,0.28802,1.0,0.00069303,,10.011,22.403,0.00019439,,-0.0,39.0,0.00011822,,5.9178e-06,6.2188,0.0002886,,32.0,-13.658,,,11674.0,-6.2188,,,6770.0,-36.0,,,1.3237,,,1.9197,,,1.069
180,0.012533,,2.4747,4424.0,0.12276,,0.24132,1.0,0.00019304,,13.889,22.892,6.9185e-05,,-0.0,40.25,4.0872e-05,,5.9165e-06,6.0625,0.00023912,,32.0,-13.848,,,12529.0,-6.5625,,,8105.0,-35.75,,,1.2701,,,1.6477,,,1.1111
181,0.00098792,,2.2914,5161.0,0.14942,,0.32546,1.0,0.00021973,,9.6259,22.699,8.4388e-05,,-0.0,40.25,4.1313e-05,,5.9152e-06,6.0625,0.00026794,,32.0,-13.544,,,14213.0,-6.5625,,,9052.0,-35.75,,,1.2701,,,1.6322,,,1.0736
182,0.0013106,,2.2478,5180.0,0.11502,,0.20874,1.0,0.00011545,,12.014,23.096,6.0151e-05,,-0.0,44.0,3.6876e-05,,5.9139e-06,6.1875,0.00022351,,32.0,-14.132,,,12200.0,-6.2188,,,7020.0,-35.75,,,1.2339,,,1.6465,,,1.0658
183,0.013457,,2.5654,4632.0,0.1156,,0.22353,1.0,0.00011491,,10.682,23.156,5.2048e-05,,-0.0,42.0,3.5193e-05,,5.9125e-06,6.1875,0.00022204,,32.0,-14.348,,,11615.0,-6.625,,,6983.0,-36.0,,,1.2373,,,1.509,,,1.019
184,0.0071955,,2.2348,5677.0,0.12099,,0.2387,1.0,0.00030648,,9.689,23.248,7.1057e-05,,-0.0,39.25,4.1723e-05,,5.9112e-06,6.1875,0.00028876,,32.0,-14.31,,,13253.0,-5.6875,,,7576.0,-35.75,,,1.2465,,,1.7103,,,1.0681
185,0.0012611,,2.6464,4323.0,0.74983,,0.27976,1.0,0.00024489,,11.726,22.993,7.961e-05,,-0.0,40.5,4.1713e-05,,5.9098e-06,6.1875,0.00025851,,32.0,-14.259,,,10298.0,-6.6875,,,5975.0,-36.0,,,1.3143,,,1.9444,,,1.0666
186,0.0073795,,2.3931,4499.0,0.11157,,0.2123,1.0,0.00011923,,10.697,24.001,4.7672e-05,,-0.0,40.0,3.6235e-05,,5.9084e-06,6.0312,0.00021069,,32.0,-15.136,,,11223.0,-6.8125,,,6724.0,-36.25,,,1.2581,,,2.255,,,1.035
187,0.0074972,,2.4265,4748.0,0.11551,,0.21468,1.0,0.00027695,,14.313,24.179,6.5789e-05,,-0.0,44.25,4.1923e-05,,5.907e-06,6.1875,0.0002902,,32.0,-14.955,,,11830.0,-6.8438,,,7082.0,-36.25,,,1.2517,,,2.1336,,,1.014
188,0.00781,,2.9493,4846.0,0.11807,,0.27546,1.0,0.00014688,,12.086,24.204,5.1838e-05,,-0.0,42.25,3.7696e-05,,5.9056e-06,6.0312,0.00024422,,32.0,-15.242,,,12620.0,-6.875,,,7774.0,-36.0,,,1.3012,,,2.0755,,,1.0759
189,0.0074004,,2.7889,4490.0,0.11322,,0.21904,1.0,0.00016904,,14.044,24.666,6.1843e-05,,-0.0,42.0,3.8578e-05,,5.9042e-06,6.1562,0.00024956,,32.0,-15.769,,,11212.0,-6.9688,,,6722.0,-36.0,,,1.2463,,,1.6462,,,1.0435
190,0.0078234,,2.4729,4421.0,0.11283,,0.18758,1.0,0.00011309,,11.691,25.052,5.309e-05,,-0.0,41.5,3.5013e-05,,5.9028e-06,6.1562,0.00020855,,32.0,-15.86,,,11425.0,-6.9062,,,7004.0,-36.25,,,1.213,,,1.4806,,,1.068
191,0.0068501,,2.4957,5073.0,0.78668,,0.2336,1.0,0.00016646,,11.625,25.097,8.5309e-05,,-0.0,44.25,3.9029e-05,,5.9014e-06,6.1562,0.0002709,,32.0,-16.069,,,13496.0,-7.0,,,8423.0,-37.0,,,1.2553,,,1.7313,,,1.029
192,0.0075804,,3.2192,5132.0,0.11843,,0.25902,1.0,0.00010591,,11.75,24.69,4.8733e-05,,-0.0,43.5,3.5384e-05,,5.9e-06,5.9688,0.00021622,,32.0,-15.631,,,13113.0,-7.0938,,,7981.0,-36.5,,,1.2804,,,2.0743,,,1.0484
193,0.0098306,,2.8696,4667.0,0.10986,,0.19596,1.0,0.00012299,,11.909,24.79,4.8723e-05,,-0.0,43.75,4.3966e-05,,5.8985e-06,6.0938,0.00022135,,32.0,-15.867,,,10970.0,-7.125,,,6303.0,-37.5,,,1.2066,,,1.5538,,,1.0413
194,0.00674,,2.8539,5065.0,0.11367,,0.19887,1.0,0.00010387,,11.693,24.811,5.4092e-05,,-0.0,43.0,3.4392e-05,,5.897e-06,6.0938,0.00020693,,32.0,-16.045,,,12027.0,-7.1875,,,6962.0,-36.5,,,1.2308,,,1.6961,,,1.0385
195,0.0066555,,2.9966,4714.0,0.10938,,0.17561,1.0,0.00011672,,8.8885,24.925,4.5228e-05,,-0.0,44.0,2.5339e-05,,5.8956e-06,6.1562,0.00021152,,32.0,-16.085,,,10908.0,-7.0625,,,6194.0,-36.5,,,1.1957,,,1.3742,,,1.0692
196,0.0065699,,3.2766,4552.0,0.10571,,0.19621,1.0,0.00012201,,10.31,24.527,4.7321e-05,,-0.0,44.25,3.2339e-05,,5.8941e-06,6.0625,0.00022724,,32.0,-15.853,,,9717.0,-7.0625,,,5165.0,-36.75,,,1.2112,,,1.6838,,,1.0648
197,0.0068689,,3.968,4886.0,0.11368,,0.35163,1.0,0.00011505,,14.438,23.976,4.4437e-05,,-0.0,44.25,2.5389e-05,,5.8926e-06,6.1562,0.00021306,,32.0,-15.57,,,11495.0,-7.0312,,,6609.0,-37.0,,,1.3982,,,2.1351,,,1.0515
198,0.0066821,,3.4968,4484.0,0.11409,,0.23434,1.0,9.267e-05,,13.877,25.002,4.2223e-05,,-0.0,44.75,2.4177e-05,,5.8911e-06,6.0938,0.0002114,,32.0,-15.837,,,11711.0,-6.9688,,,7227.0,-36.75,,,1.2546,,,1.669,,,1.0524
199,0.0068658,,3.7302,4928.0,0.11476,,0.19834,1.0,0.00027546,,9.7218,24.893,7.5955e-05,,-0.0,43.0,4.9735e-05,,5.8896e-06,6.125,0.00029353,,32.0,-15.819,,,11662.0,-6.9375,,,6734.0,-37.75,,,1.2304,,,1.7,,,1.0487
200,0.0078633,28481.0,3.3123,4913.0,0.11261,1.5654,0.23602,1.0,5.4831,3.3939,12.028,24.282,0.00020475,1.0754,-0.0,45.0,0.51364,17967.0,5.8881e-06,6.0625,0.00038857,24.454,32.0,-15.683,0.42943,42.75,10939.0,-7.0625,19.751,6.0938,6026.0,-36.75,-0.0,-15.6,1.2533,126.0,-7.125,1.7028,46448.0,-37.25,1.0945
201,0.0079297,,2.9708,4974.0,0.11973,,0.23108,1.0,0.00028931,,12.078,24.105,0.00011179,,-0.0,41.5,9.3411e-05,,5.8866e-06,6.0938,0.00024985,,32.0,-15.413,,,11274.0,-7.125,,,6300.0,-36.5,,,1.2548,,,1.8681,,,1.0683
202,0.0073362,,2.772,4495.0,0.1283,,0.31279,1.0,0.00032196,,13.257,24.319,6.5969e-05,,-0.0,43.25,4.2774e-05,,5.885e-06,6.1562,0.00025929,,32.0,-15.38,,,12046.0,-7.0312,,,7551.0,-36.75,,,1.2388,,,2.1641,,,1.0699
203,0.0080388,,2.8569,4970.0,0.1121,,0.21778,1.0,0.00013278,,8.3647,24.059,6.5569e-05,,-0.0,42.75,3.8368e-05,,5.8835e-06,6.1562,0.00021123,,32.0,-15.307,,,10716.0,-7.0625,,,5746.0,-37.0,,,1.2377,,,1.5859,,,1.0589
204,0.01181,,3.2345,5211.0,0.11813,,0.23582,1.0,0.00012349,,10.559,24.189,5.2359e-05,,-0.0,41.75,3.6826e-05,,5.8819e-06,6.1562,0.0002225,,32.0,-15.236,,,11691.0,-6.6875,,,6480.0,-36.75,,,1.2623,,,1.6773,,,1.0622
205,0.0077086,,2.675,5130.0,0.12021,,0.22114,1.0,0.00012138,,10.55,24.293,5.0546e-05,,-0.0,42.0,4.0691e-05,,5.8803e-06,6.0312,0.0002094,,32.0,-15.334,,,12944.0,-7.0,,,7814.0,-37.0,,,1.2382,,,1.668,,,1.0889
206,0.006955,,2.6663,4564.0,0.11206,,0.19206,1.0,0.00010601,,11.39,24.214,4.7732e-05,,-0.0,41.5,3.3571e-05,,5.8788e-06,6.1562,0.00021112,,32.0,-15.478,,,10628.0,-7.0312,,,6064.0,-37.0,,,1.2188,,,1.6926,,,1.0313
207,0.0067106,,2.5856,5279.0,0.11441,,0.2306,1.0,9.7197e-05,,12.94,24.074,4.7121e-05,,-0.0,42.75,4.5007e-05,,5.8772e-06,6.125,0.00020878,,32.0,-15.276,,,11760.0,-6.4062,,,6481.0,-37.0,,,1.2683,,,2.0751,,,1.0813
208,0.01133,,2.4774,5222.0,0.12335,,0.23756,1.0,0.00010098,,10.789,24.633,4.657e-05,,-0.0,42.75,3.4231e-05,,5.8756e-06,6.0312,0.00021068,,32.0,-15.606,,,13745.0,-7.0938,,,8523.0,-37.0,,,1.2853,,,1.629,,,1.0947
209,0.006489,,2.8817,5302.0,0.11776,,0.23579,1.0,0.00030294,,16.813,24.349,6.9905e-05,,-0.0,40.5,3.6215e-05,,5.874e-06,6.0312,0.00028411,,32.0,-15.574,,,11781.0,-6.6875,,,6479.0,-37.0,,,1.2715,,,1.9421,,,1.0695
210,0.0080166,,2.7922,5046.0,0.12165,,0.26116,1.0,0.00017036,,13.165,24.035,5.8728e-05,,-0.0,44.75,3.1318e-05,,5.8723e-06,6.125,0.00023516,,32.0,-15.208,,,11199.0,-6.5312,,,6153.0,-37.25,,,1.266,,,1.693,,,1.042
211,0.011899,,2.8741,4586.0,0.12019,,0.27334,1.0,0.00015949,,13.564,24.522,4.4006e-05,,-0.0,41.25,3.9139e-05,,5.8707e-06,6.1562,0.00030085,,32.0,-15.578,,,12408.0,-7.0,,,7822.0,-36.75,,,1.3075,,,2.0418,,,1.1203
212,0.011998,,2.5902,4575.0,0.12038,,0.21112,1.0,0.00021953,,10.661,24.832,6.7582e-05,,-0.0,43.25,3.4762e-05,,5.8691e-06,6.0,0.00024237,,32.0,-15.94,,,11492.0,-7.0312,,,6917.0,-36.75,,,1.2246,,,1.704,,,1.0443
213,0.012463,,3.3184,4702.0,0.11214,,0.3274,1.0,0.00029011,,12.313,23.93,5.958e-05,,-0.0,40.25,3.374e-05,,5.8674e-06,6.0625,0.00022515,,32.0,-15.398,,,10953.0,-7.125,,,6251.0,-37.0,,,1.3408,,,2.0414,,,1.1043
214,0.010406,,2.4177,4703.0,0.11509,,0.20276,1.0,0.00016471,,9.8516,24.858,5.2149e-05,,-0.0,42.0,3.9089e-05,,5.8658e-06,6.0312,0.00024986,,32.0,-16.012,,,11949.0,-7.125,,,7246.0,-37.0,,,1.2245,,,1.6598,,,1.0814
215,0.0072727,,2.2712,4740.0,0.11857,,0.20576,1.0,0.00021791,,11.795,24.696,8.8423e-05,,-0.0,43.0,3.9089e-05,,5.8641e-06,6.0312,0.00026881,,32.0,-15.709,,,12434.0,-7.25,,,7694.0,-36.75,,,1.2185,,,1.7464,,,1.0672
216,0.010935,,3.2304,4926.0,0.1124,,0.24585,1.0,0.00027859,,12.095,24.045,8.5539e-05,,-0.0,43.5,3.8047e-05,,5.8624e-06,6.0312,0.00027516,,32.0,-15.487,,,10332.0,-7.0312,,,5406.0,-37.0,,,1.2609,,,2.1659,,,1.0683
217,0.01276,,3.0134,4900.0,0.12468,,0.27615,1.0,0.00024687,,10.405,24.175,7.4502e-05,,-0.0,41.5,3.9249e-05,,5.8607e-06,6.0312,0.0002939,,32.0,-15.639,,,12064.0,-7.125,,,7164.0,-36.75,,,1.3112,,,1.6666,,,1.0753
218,0.0076882,,3.2516,5209.0,0.12019,,0.25695,1.0,0.00025608,,10.951,24.235,7.4101e-05,,-0.0,42.25,4.0641e-05,,5.859e-06,6.2188,0.000297,,32.0,-15.385,,,12359.0,-6.6875,,,7150.0,-36.75,,,1.2763,,,2.111,,,1.0517
219,0.016303,,2.4894,5042.0,0.11825,,0.19882,1.0,0.00031284,,8.7536,24.663,9.7107e-05,,-0.0,43.5,5.0696e-05,,5.8573e-06,6.2188,0.00041895,,32.0,-15.914,,,12231.0,-7.2188,,,7189.0,-36.75,,,1.214,,,1.5046,,,1.0901
220,0.0077935,,2.5165,4688.0,0.11945,,0.20163,1.0,0.0002546,,11.506,24.636,8.1603e-05,,-0.0,43.25,4.7632e-05,,5.8556e-06,6.1875,0.00034702,,32.0,-15.835,,,11358.0,-7.1875,,,6670.0,-38.25,,,1.2183,,,1.5474,,,1.0469
221,0.011887,,3.4041,4764.0,0.11162,,0.23574,1.0,0.00027951,,12.922,24.107,5.963e-05,,-0.0,41.5,3.4522e-05,,5.8539e-06,6.2188,0.00025684,,32.0,-15.446,,,9960.0,-7.1562,,,5196.0,-36.5,,,1.2789,,,2.102,,,1.0614
222,0.0072124,,2.5763,5143.0,0.11522,,0.20546,1.0,0.00015663,,12.93,24.766,5.1187e-05,,-0.0,41.5,3.0636e-05,,5.8521e-06,6.2188,0.00023693,,32.0,-15.951,,,11823.0,-6.9375,,,6680.0,-36.75,,,1.2477,,,2.3231,,,1.0711
223,0.0079145,,2.7287,5125.0,0.11889,,0.24779,1.0,0.00012301,,11.444,24.524,4.8994e-05,,-0.0,42.5,2.8563e-05,,5.8504e-06,6.2188,0.00021352,,32.0,-15.891,,,12889.0,-7.1562,,,7764.0,-36.75,,,1.2468,,,1.5848,,,1.0637
224,0.010813,,2.3551,4922.0,0.11804,,0.18244,1.0,0.00022933,,13.126,25.033,5.5854e-05,,-0.0,41.5,4.2444e-05,,5.8486e-06,6.2812,0.00027634,,32.0,-16.133,,,12168.0,-7.0625,,,7246.0,-38.5,,,1.2087,,,1.5905,,,1.0572
225,0.012298,,2.9659,4841.0,0.11743,,0.23937,1.0,0.00030642,,11.375,24.428,6.4477e-05,,-0.0,41.5,4.1493e-05,,5.8468e-06,6.25,0.00028951,,32.0,-15.798,,,11242.0,-7.2188,,,6401.0,-36.75,,,1.2681,,,1.7119,,,1.0536
226,0.012497,,2.6311,4589.0,0.11463,,0.18193,1.0,0.00018512,,10.605,25.223,5.7086e-05,,-0.0,44.5,4.1132e-05,,5.8451e-06,6.1875,0.00026446,,32.0,-16.182,,,11492.0,-7.1562,,,6903.0,-37.75,,,1.2384,,,1.6934,,,1.0654
227,0.012121,,2.6674,5171.0,0.11858,,0.23677,1.0,0.0001482,,17.002,24.863,7.4762e-05,,-0.0,41.0,3.0576e-05,,5.8433e-06,6.2188,0.00025214,,32.0,-16.022,,,12544.0,-7.0625,,,7373.0,-39.25,,,1.2562,,,1.6762,,,1.0398
228,0.012333,,2.5746,4700.0,0.1129,,0.21062,1.0,0.00019553,,12.55,24.706,6.4657e-05,,-0.0,41.75,4.028e-05,,5.8415e-06,6.2188,0.00027031,,32.0,-15.888,,,11207.0,-6.9688,,,6507.0,-36.5,,,1.2427,,,1.6421,,,1.0676
229,0.0070337,,3.0807,4566.0,0.11057,,0.26635,1.0,0.00013794,,15.498,24.353,6.3286e-05,,-0.0,43.0,3.1037e-05,,5.8397e-06,6.2188,0.00022078,,32.0,-15.559,,,10903.0,-7.0625,,,6337.0,-37.0,,,1.2979,,,2.2633,,,1.0677
230,0.011554,,2.9301,4987.0,0.11572,,0.2555,1.0,0.00027449,,11.625,24.325,7.7076e-05,,-0.0,41.75,4.2073e-05,,5.8378e-06,6.2188,0.00030595,,32.0,-15.601,,,11483.0,-6.9688,,,6496.0,-36.75,,,1.2881,,,1.7268,,,1.0403
231,0.012582,,3.0206,5742.0,0.12221,,0.24831,1.0,0.00016038,,11.687,24.771,6.8032e-05,,-0.0,42.0,3.933e-05,,5.836e-06,6.2188,0.00024464,,32.0,-15.824,,,13139.0,-6.9688,,,7397.0,-37.25,,,1.2633,,,1.7661,,,1.0373
232,0.010634,,3.3426,4665.0,0.11104,,0.20942,1.0,0.00017413,,14.63,24.418,6.7422e-05,,-0.0,44.25,3.8518e-05,,5.8342e-06,6.0938,0.00023,,32.0,-15.549,,,10345.0,-6.875,,,5680.0,-37.0,,,1.2273,,,1.5929,,,1.0428
233,0.012023,,3.1462,4698.0,0.11449,,0.24281,1.0,0.00016882,,10.158,24.566,6.3065e-05,,-0.0,40.75,3.9099e-05,,5.8323e-06,6.0938,0.00024503,,32.0,-15.697,,,11159.0,-6.7812,,,6461.0,-37.25,,,1.2652,,,1.719,,,1.0977
234,0.0070522,,2.7298,4932.0,0.19164,,0.22732,1.0,0.00026377,,12.211,24.878,7.5304e-05,,-0.0,43.0,4.2724e-05,,5.8305e-06,6.125,0.00027338,,32.0,-15.873,,,12244.0,-6.75,,,7312.0,-37.0,,,1.2667,,,1.8555,,,1.0869
235,0.01206,,2.4928,4611.0,0.12023,,0.23505,1.0,0.00015263,,12.791,24.617,6.7111e-05,,-0.0,42.0,3.0606e-05,,5.8286e-06,6.125,0.00025313,,32.0,-15.563,,,12316.0,-6.7812,,,7705.0,-37.0,,,1.2626,,,1.8798,,,1.0762
236,0.0076099,,2.9105,4820.0,0.11303,,0.25266,1.0,9.899e-05,,9.5089,24.053,4.7462e-05,,-0.0,42.75,3.5374e-05,,5.8267e-06,6.2812,0.00021826,,32.0,-15.462,,,10950.0,-6.7812,,,6130.0,-37.25,,,1.2832,,,1.7703,,,1.1095
237,0.0073523,,2.5115,4874.0,0.12022,,0.20247,1.0,0.00026175,,11.745,24.725,5.4181e-05,,-0.0,43.0,4.1713e-05,,5.8248e-06,6.125,0.00025915,,32.0,-15.793,,,12377.0,-6.7812,,,7503.0,-36.75,,,1.2375,,,1.5113,,,1.0662
238,0.0075867,,2.8723,4542.0,0.11388,,0.27864,1.0,0.00013417,,13.955,24.094,4.9875e-05,,-0.0,41.25,3.1017e-05,,5.8229e-06,6.2188,0.00024996,,32.0,-15.433,,,11456.0,-6.8438,,,6914.0,-36.75,,,1.3087,,,2.0586,,,1.0706
239,0.0073116,,2.6872,4526.0,0.11424,,0.24275,1.0,0.0002404,,9.2511,24.476,5.363e-05,,-0.0,40.75,3.1787e-05,,5.821e-06,6.2188,0.00026232,,32.0,-15.655,,,11264.0,-6.75,,,6738.0,-37.0,,,1.2726,,,1.7919,,,1.0882
240,0.0074307,,2.6113,5204.0,0.12241,,0.24399,1.0,0.00030012,,15.938,24.488,6.4898e-05,,-0.0,41.0,4.4608e-05,,5.8191e-06,6.2188,0.00026281,,32.0,-15.683,,,12952.0,-6.75,,,7748.0,-36.75,,,1.255,,,1.7194,,,1.0397
241,0.0078153,,2.6381,4684.0,0.11659,,0.19222,1.0,0.00015481,,21.066,24.688,4.9225e-05,,-0.0,41.5,4.0912e-05,,5.8171e-06,6.125,0.00025209,,32.0,-16.036,,,11672.0,-6.8125,,,6988.0,-36.75,,,1.2254,,,1.671,,,1.0584
242,0.010484,,2.6515,4676.0,0.11539,,0.24249,1.0,0.0002161,,14.391,24.345,6.617e-05,,-0.0,41.0,3.8888e-05,,5.8152e-06,6.125,0.00023764,,32.0,-15.678,,,11638.0,-6.8125,,,6962.0,-36.5,,,1.2653,,,1.9898,,,1.0863
243,0.0074942,,2.5658,4898.0,0.11935,,0.20477,1.0,0.00013519,,13.295,24.809,5.95e-05,,-0.0,44.25,3.932e-05,,5.8133e-06,6.125,0.00024904,,32.0,-15.75,,,12684.0,-6.8438,,,7786.0,-36.5,,,1.2305,,,1.5451,,,1.062
244,0.0075318,,2.9,5473.0,0.11898,,0.25779,1.0,0.00029876,,10.089,24.17,7.8518e-05,,-0.0,41.25,4.5188e-05,,5.8113e-06,6.125,0.00028474,,32.0,-15.332,,,11964.0,-6.5312,,,6491.0,-36.75,,,1.2491,,,1.7347,,,1.0422
245,0.0080366,,2.9229,5107.0,0.16344,,0.4637,1.0,0.00024788,,14.81,24.205,7.2499e-05,,-0.0,41.5,3.357e-05,,5.8093e-06,6.125,0.00026986,,32.0,-15.656,,,15563.0,-6.7812,,,10456.0,-36.75,,,1.2652,,,2.3931,,,1.0585
246,0.0075978,,3.1374,4990.0,0.11105,,0.23908,1.0,0.00016687,,11.852,24.228,6.1042e-05,,-0.0,42.75,2.9784e-05,,5.8073e-06,6.125,0.00021793,,32.0,-15.501,,,10794.0,-6.8438,,,5804.0,-36.75,,,1.2449,,,1.9005,,,1.045
247,0.0069863,,2.9525,5709.0,0.11509,,0.23043,1.0,0.00017967,,16.817,24.41,4.9454e-05,,-0.0,43.75,2.7942e-05,,5.8054e-06,6.0938,0.00022714,,32.0,-15.535,,,11936.0,-6.9062,,,6227.0,-36.75,,,1.2306,,,1.5631,,,1.0409
248,0.0068724,,3.2016,5058.0,0.11891,,0.2515,1.0,0.00017245,,13.077,24.423,6.8152e-05,,-0.0,42.0,3.2539e-05,,5.8034e-06,6.0938,0.00026125,,32.0,-15.56,,,12482.0,-6.9062,,,7424.0,-37.0,,,1.2723,,,1.7898,,,1.0735
249,0.0074156,,3.1806,4521.0,0.11392,,0.25395,1.0,0.00011576,,9.3624,24.779,5.0887e-05,,-0.0,41.75,2.8794e-05,,5.8013e-06,6.0625,0.00022373,,32.0,-15.955,,,11728.0,-6.9375,,,7207.0,-37.0,,,1.2934,,,1.7368,,,1.1049
250,0.0079036,28481.0,3.0685,4947.0,0.11608,1.5681,0.2726,1.0,5.1826,3.3368,10.667,24.449,0.00016874,1.0606,-0.0,42.5,0.50244,17967.0,5.7993e-06,6.1875,0.00037504,24.564,32.0,-15.685,0.42971,41.5,12178.0,-6.8438,19.907,6.0938,7231.0,-36.75,-0.0,-15.701,1.2863,126.0,-6.9375,1.8203,46448.0,-37.75,1.0733
