task_name,path
easy_5000__data_science__data_science_task_0156,/wbl-fast/usrs/ee/teacher-answer-rl/terminal_synthetic_tasks/easy/easy_5000/data_science/data_science_task_0156
medium_5000__data_processing__data_processing_task_2474,/wbl-fast/usrs/ee/teacher-answer-rl/terminal_synthetic_tasks/medium/medium_5000/data_processing/data_processing_task_2474
medium_5000__data_processing__data_processing_task_2140,/wbl-fast/usrs/ee/teacher-answer-rl/terminal_synthetic_tasks/medium/medium_5000/data_processing/data_processing_task_2140
medium_5000__data_processing__data_processing_task_4407,/wbl-fast/usrs/ee/teacher-answer-rl/terminal_synthetic_tasks/medium/medium_5000/data_processing/data_processing_task_4407
medium_5000__security__security_task_2120,/wbl-fast/usrs/ee/teacher-answer-rl/terminal_synthetic_tasks/medium/medium_5000/security/security_task_2120
easy_5000__data_science__data_science_task_0307,/wbl-fast/usrs/ee/teacher-answer-rl/terminal_synthetic_tasks/easy/easy_5000/data_science/data_science_task_0307
medium_5000__data_querying__data_querying_task_1311,/wbl-fast/usrs/ee/teacher-answer-rl/terminal_synthetic_tasks/medium/medium_5000/data_querying/data_querying_task_1311
medium_5000__security__security_task_3704,/wbl-fast/usrs/ee/teacher-answer-rl/terminal_synthetic_tasks/medium/medium_5000/security/security_task_3704
easy_5000__data_science__data_science_task_0031,/wbl-fast/usrs/ee/teacher-answer-rl/terminal_synthetic_tasks/easy/easy_5000/data_science/data_science_task_0031
easy_5000__data_science__data_science_task_2616,/wbl-fast/usrs/ee/teacher-answer-rl/terminal_synthetic_tasks/easy/easy_5000/data_science/data_science_task_2616
easy_5000__data_science__data_science_task_0185,/wbl-fast/usrs/ee/teacher-answer-rl/terminal_synthetic_tasks/easy/easy_5000/data_science/data_science_task_0185
easy_5000__data_science__data_science_task_3729,/wbl-fast/usrs/ee/teacher-answer-rl/terminal_synthetic_tasks/easy/easy_5000/data_science/data_science_task_3729
medium_5000__data_processing__data_processing_task_2033,/wbl-fast/usrs/ee/teacher-answer-rl/terminal_synthetic_tasks/medium/medium_5000/data_processing/data_processing_task_2033
easy_5000__data_science__data_science_task_2275,/wbl-fast/usrs/ee/teacher-answer-rl/terminal_synthetic_tasks/easy/easy_5000/data_science/data_science_task_2275
easy_5000__data_science__data_science_task_4469,/wbl-fast/usrs/ee/teacher-answer-rl/terminal_synthetic_tasks/easy/easy_5000/data_science/data_science_task_4469
medium_5000__data_processing__data_processing_task_4300,/wbl-fast/usrs/ee/teacher-answer-rl/terminal_synthetic_tasks/medium/medium_5000/data_processing/data_processing_task_4300
easy_5000__data_science__data_science_task_4526,/wbl-fast/usrs/ee/teacher-answer-rl/terminal_synthetic_tasks/easy/easy_5000/data_science/data_science_task_4526
medium_5000__data_querying__data_querying_task_0867,/wbl-fast/usrs/ee/teacher-answer-rl/terminal_synthetic_tasks/medium/medium_5000/data_querying/data_querying_task_0867
easy_5000__data_science__data_science_task_0503,/wbl-fast/usrs/ee/teacher-answer-rl/terminal_synthetic_tasks/easy/easy_5000/data_science/data_science_task_0503
medium_5000__data_querying__data_querying_task_3346,/wbl-fast/usrs/ee/teacher-answer-rl/terminal_synthetic_tasks/medium/medium_5000/data_querying/data_querying_task_3346
easy_5000__data_science__data_science_task_0842,/wbl-fast/usrs/ee/teacher-answer-rl/terminal_synthetic_tasks/easy/easy_5000/data_science/data_science_task_0842
medium_5000__security__security_task_0363,/wbl-fast/usrs/ee/teacher-answer-rl/terminal_synthetic_tasks/medium/medium_5000/security/security_task_0363
medium_5000__security__security_task_0406,/wbl-fast/usrs/ee/teacher-answer-rl/terminal_synthetic_tasks/medium/medium_5000/security/security_task_0406
easy_5000__data_science__data_science_task_3558,/wbl-fast/usrs/ee/teacher-answer-rl/terminal_synthetic_tasks/easy/easy_5000/data_science/data_science_task_3558
medium_5000__data_processing__data_processing_task_1387,/wbl-fast/usrs/ee/teacher-answer-rl/terminal_synthetic_tasks/medium/medium_5000/data_processing/data_processing_task_1387
medium_5000__data_querying__data_querying_task_0531,/wbl-fast/usrs/ee/teacher-answer-rl/terminal_synthetic_tasks/medium/medium_5000/data_querying/data_querying_task_0531
easy_5000__data_science__data_science_task_4848,/wbl-fast/usrs/ee/teacher-answer-rl/terminal_synthetic_tasks/easy/easy_5000/data_science/data_science_task_4848
easy_5000__data_science__data_science_task_1044,/wbl-fast/usrs/ee/teacher-answer-rl/terminal_synthetic_tasks/easy/easy_5000/data_science/data_science_task_1044
easy_5000__data_science__data_science_task_0414,/wbl-fast/usrs/ee/teacher-answer-rl/terminal_synthetic_tasks/easy/easy_5000/data_science/data_science_task_0414
medium_5000__data_processing__data_processing_task_0262,/wbl-fast/usrs/ee/teacher-answer-rl/terminal_synthetic_tasks/medium/medium_5000/data_processing/data_processing_task_0262
easy_5000__data_science__data_science_task_2420,/wbl-fast/usrs/ee/teacher-answer-rl/terminal_synthetic_tasks/easy/easy_5000/data_science/data_science_task_2420
medium_5000__data_processing__data_processing_task_3377,/wbl-fast/usrs/ee/teacher-answer-rl/terminal_synthetic_tasks/medium/medium_5000/data_processing/data_processing_task_3377
easy_5000__data_science__data_science_task_4560,/wbl-fast/usrs/ee/teacher-answer-rl/terminal_synthetic_tasks/easy/easy_5000/data_science/data_science_task_4560
medium_5000__data_querying__data_querying_task_3353,/wbl-fast/usrs/ee/teacher-answer-rl/terminal_synthetic_tasks/medium/medium_5000/data_querying/data_querying_task_3353
easy_5000__data_science__data_science_task_4893,/wbl-fast/usrs/ee/teacher-answer-rl/terminal_synthetic_tasks/easy/easy_5000/data_science/data_science_task_4893
easy_5000__data_science__data_science_task_2851,/wbl-fast/usrs/ee/teacher-answer-rl/terminal_synthetic_tasks/easy/easy_5000/data_science/data_science_task_2851
medium_5000__security__security_task_4385,/wbl-fast/usrs/ee/teacher-answer-rl/terminal_synthetic_tasks/medium/medium_5000/security/security_task_4385
easy_5000__data_science__data_science_task_4742,/wbl-fast/usrs/ee/teacher-answer-rl/terminal_synthetic_tasks/easy/easy_5000/data_science/data_science_task_4742
easy_5000__data_science__data_science_task_0761,/wbl-fast/usrs/ee/teacher-answer-rl/terminal_synthetic_tasks/easy/easy_5000/data_science/data_science_task_0761
easy_5000__data_science__data_science_task_0912,/wbl-fast/usrs/ee/teacher-answer-rl/terminal_synthetic_tasks/easy/easy_5000/data_science/data_science_task_0912
easy_5000__data_science__data_science_task_4977,/wbl-fast/usrs/ee/teacher-answer-rl/terminal_synthetic_tasks/easy/easy_5000/data_science/data_science_task_4977
medium_5000__data_processing__data_processing_task_2261,/wbl-fast/usrs/ee/teacher-answer-rl/terminal_synthetic_tasks/medium/medium_5000/data_processing/data_processing_task_2261
easy_5000__data_science__data_science_task_0737,/wbl-fast/usrs/ee/teacher-answer-rl/terminal_synthetic_tasks/easy/easy_5000/data_science/data_science_task_0737
medium_5000__data_processing__data_processing_task_3814,/wbl-fast/usrs/ee/teacher-answer-rl/terminal_synthetic_tasks/medium/medium_5000/data_processing/data_processing_task_3814
medium_5000__security__security_task_1495,/wbl-fast/usrs/ee/teacher-answer-rl/terminal_synthetic_tasks/medium/medium_5000/security/security_task_1495
medium_5000__data_querying__data_querying_task_0049,/wbl-fast/usrs/ee/teacher-answer-rl/terminal_synthetic_tasks/medium/medium_5000/data_querying/data_querying_task_0049
medium_5000__data_querying__data_querying_task_3048,/wbl-fast/usrs/ee/teacher-answer-rl/terminal_synthetic_tasks/medium/medium_5000/data_querying/data_querying_task_3048
medium_5000__data_processing__data_processing_task_1604,/wbl-fast/usrs/ee/teacher-answer-rl/terminal_synthetic_tasks/medium/medium_5000/data_processing/data_processing_task_1604
medium_5000__data_querying__data_querying_task_1937,/wbl-fast/usrs/ee/teacher-answer-rl/terminal_synthetic_tasks/medium/medium_5000/data_querying/data_querying_task_1937
easy_5000__data_science__data_science_task_3785,/wbl-fast/usrs/ee/teacher-answer-rl/terminal_synthetic_tasks/easy/easy_5000/data_science/data_science_task_3785
medium_5000__security__security_task_1895,/wbl-fast/usrs/ee/teacher-answer-rl/terminal_synthetic_tasks/medium/medium_5000/security/security_task_1895
easy_5000__data_science__data_science_task_0697,/wbl-fast/usrs/ee/teacher-answer-rl/terminal_synthetic_tasks/easy/easy_5000/data_science/data_science_task_0697
medium_5000__security__security_task_2633,/wbl-fast/usrs/ee/teacher-answer-rl/terminal_synthetic_tasks/medium/medium_5000/security/security_task_2633
medium_5000__data_processing__data_processing_task_0358,/wbl-fast/usrs/ee/teacher-answer-rl/terminal_synthetic_tasks/medium/medium_5000/data_processing/data_processing_task_0358
easy_5000__data_science__data_science_task_2502,/wbl-fast/usrs/ee/teacher-answer-rl/terminal_synthetic_tasks/easy/easy_5000/data_science/data_science_task_2502
medium_5000__data_querying__data_querying_task_3052,/wbl-fast/usrs/ee/teacher-answer-rl/terminal_synthetic_tasks/medium/medium_5000/data_querying/data_querying_task_3052
easy_5000__data_science__data_science_task_2321,/wbl-fast/usrs/ee/teacher-answer-rl/terminal_synthetic_tasks/easy/easy_5000/data_science/data_science_task_2321
medium_5000__security__security_task_4300,/wbl-fast/usrs/ee/teacher-answer-rl/terminal_synthetic_tasks/medium/medium_5000/security/security_task_4300
medium_5000__security__security_task_3411,/wbl-fast/usrs/ee/teacher-answer-rl/terminal_synthetic_tasks/medium/medium_5000/security/security_task_3411
easy_5000__data_science__data_science_task_4693,/wbl-fast/usrs/ee/teacher-answer-rl/terminal_synthetic_tasks/easy/easy_5000/data_science/data_science_task_4693
medium_5000__security__security_task_1641,/wbl-fast/usrs/ee/teacher-answer-rl/terminal_synthetic_tasks/medium/medium_5000/security/security_task_1641
easy_5000__data_science__data_science_task_0465,/wbl-fast/usrs/ee/teacher-answer-rl/terminal_synthetic_tasks/easy/easy_5000/data_science/data_science_task_0465
easy_5000__data_science__data_science_task_1955,/wbl-fast/usrs/ee/teacher-answer-rl/terminal_synthetic_tasks/easy/easy_5000/data_science/data_science_task_1955
easy_5000__data_science__data_science_task_0658,/wbl-fast/usrs/ee/teacher-answer-rl/terminal_synthetic_tasks/easy/easy_5000/data_science/data_science_task_0658
